Datetime,Bmag,Bx,By_GSM,Bz_GSM,Temperature,Density,Speed,Pressure,Ey,Beta,Mach,Event_ID,Shock_Time,ICME_Start,ICME_End,Dst (nT) (m),Label
27-05-1996 15:00,6.7,-0.4,-1.6,-5.3,26590,9.2,413,2.75,2.19,1.32,9.3,1,27-05-1996 15:00,27-05-1996 15:00,29-05-1996 03:00,-33,0
27-05-1996 16:00,7.9,-0.8,-0.3,-7.7,18048,5.1,413,1.48,3.18,0.5,5.9,1,27-05-1996 15:00,27-05-1996 15:00,29-05-1996 03:00,-33,0
27-05-1996 17:00,8.2,-1.3,1.4,-7.9,18058,4.3,407,1.2,3.22,0.39,5.1,1,27-05-1996 15:00,27-05-1996 15:00,29-05-1996 03:00,-33,0
01-07-1996 13:00,1.8,0.7,-0.3,-1.1,16732,12.7,326,2.31,0.36,23.66,32.3,2,01-07-1996 13:20,01-07-1996 18:00,02-07-1996 11:00,-20,0
01-07-1996 14:00,4.5,-0.9,3.7,-1.2,28402,16,341,3.21,0.41,5.15,15.2,2,01-07-1996 13:20,01-07-1996 18:00,02-07-1996 11:00,-20,0
01-07-1996 15:00,6.8,-2.9,3.8,4,43108,18.5,353,3.97,-1.41,2.85,11.2,2,01-07-1996 13:20,01-07-1996 18:00,02-07-1996 11:00,-20,0
07-08-1996 06:00,3.8,-2.1,-2.4,0.6,17185,16.8,355,3.79,-0.21,7.04,19.1,3,07-08-1996 06:00,07-08-1996 12:00,08-08-1996 10:00,-23,0
07-08-1996 07:00,4.6,-1.7,-2.6,-0.2,19866,14,354,3.18,0.07,4.08,14.4,3,07-08-1996 06:00,07-08-1996 12:00,08-08-1996 10:00,-23,0
07-08-1996 08:00,6.5,-6.2,-1.5,1.3,11508,8.7,350,1.87,-0.46,1.2,7.9,3,07-08-1996 06:00,07-08-1996 12:00,08-08-1996 10:00,-23,0
23-12-1996 16:00,5.6,3.7,-0.7,3.9,75471,8.3,406,2.37,-1.58,2.24,10.4,4,23-12-1996 16:00,23-12-1996 17:00,25-12-1996 11:00,-18,0
23-12-1996 17:00,5.8,3.5,-1.4,4.2,54922,8.9,414,2.62,-1.74,2.02,10.6,4,23-12-1996 16:00,23-12-1996 17:00,25-12-1996 11:00,-18,0
23-12-1996 18:00,5.5,3.9,-1,3.6,42517,9.8,413,2.86,-1.49,2.3,11.8,4,23-12-1996 16:00,23-12-1996 17:00,25-12-1996 11:00,-18,0
10-01-1997 01:00,7.6,-4.7,1.6,4.1,63064,11.6,418,3.72,-1.71,1.6,9.4,5,10-01-1997 01:04,10-01-1997 04:00,11-01-1997 02:00,-78,1
10-01-1997 02:00,9.5,-0.1,4.8,-2.1,63165,11.8,438,4.25,0.92,1.04,7.9,5,10-01-1997 01:04,10-01-1997 04:00,11-01-1997 02:00,-78,1
10-01-1997 03:00,8.9,-2.1,5,0.6,95652,13.7,443,5.33,-0.27,1.61,9.2,5,10-01-1997 01:04,10-01-1997 04:00,11-01-1997 02:00,-78,1
09-02-1997 13:00,5.5,-1.9,1.8,-0.7,180631,6.6,558,3.8,0.39,2.8,13,6,09-02-1997 13:21,10-02-1997 02:00,10-02-1997 19:00,-68,1
09-02-1997 14:00,6.3,0.1,0.3,1.6,274691,9.2,596,6.05,-0.95,3.89,14.3,6,09-02-1997 13:21,10-02-1997 02:00,10-02-1997 19:00,-68,1
09-02-1997 15:00,7.8,2.8,4.7,1.8,269603,8,615,5.48,-1.11,2.18,11.2,6,09-02-1997 13:21,10-02-1997 02:00,10-02-1997 19:00,-68,1
10-04-1997 17:00,8.1,1.4,-5.2,-1.4,60503,14,345,3.08,0.48,1.68,8,7,10-04-1997 17:45,11-04-1997 06:00,11-04-1997 19:00,-82,1
10-04-1997 18:00,8.5,1.5,-7.8,0,103688,20.5,368,5.34,0,2.74,9.8,7,10-04-1997 17:45,11-04-1997 06:00,11-04-1997 19:00,-82,1
10-04-1997 19:00,11.2,3.5,-9.5,-1.4,127813,32.4,395,9.52,0.55,2.75,10,7,10-04-1997 17:45,11-04-1997 06:00,11-04-1997 19:00,-82,1
21-04-1997 06:00,3.5,2.9,0,1.6,28711,10.6,366,2.5,-0.59,5.65,17,8,21-04-1997 06:00,21-04-1997 10:00,23-04-1997 04:00,-107,1
21-04-1997 07:00,4.2,3.6,1.7,0.5,29809,10.4,365,2.42,-0.18,3.88,14,8,21-04-1997 06:00,21-04-1997 10:00,23-04-1997 04:00,-107,1
21-04-1997 08:00,4.2,3.3,0.9,1.7,35913,13.6,373,3.35,-0.63,5.27,16.4,8,21-04-1997 06:00,21-04-1997 10:00,23-04-1997 04:00,-107,1
15-05-1997 01:00,5.9,1.6,1.4,-2.3,32385,21.3,324,3.82,0.75,4.09,12.7,9,15-05-1997 01:59,15-05-1997 09:00,16-05-1997 00:00,-115,1
15-05-1997 02:00,16.9,-4.9,15,-0.9,52514,29.8,383,7.59,0.34,0.79,6.2,9,15-05-1997 01:59,15-05-1997 09:00,16-05-1997 00:00,-115,1
15-05-1997 03:00,22.3,-7.4,20.8,-1.4,59463,29.2,422,9.07,0.59,0.46,5.1,9,15-05-1997 01:59,15-05-1997 09:00,16-05-1997 00:00,-115,1
26-05-1997 09:00,3.2,-2.1,2,0.5,13794,14.1,284,1.94,-0.14,8.14,16.7,10,26-05-1997 09:57,26-05-1997 16:00,27-05-1997 10:00,-74,1
26-05-1997 10:00,5.9,-2.1,4.9,-0.1,18739,23.2,304,3.67,0.03,4.08,12.4,10,26-05-1997 09:57,26-05-1997 16:00,27-05-1997 10:00,-74,1
26-05-1997 11:00,7.9,2.5,2.4,-5.3,30052,26.3,318,4.58,1.69,2.78,10.3,10,26-05-1997 09:57,26-05-1997 16:00,27-05-1997 10:00,-74,1
08-06-1997 16:00,7.7,-1.6,-3.3,-6.2,39501,8.7,377,2.26,2.34,1.02,7.2,11,08-06-1997 16:36,08-06-1997 18:00,10-06-1997 00:00,-84,1
08-06-1997 17:00,8,0.1,-4.3,-6,46014,9.3,386,2.55,2.32,1.05,7.4,11,08-06-1997 16:36,08-06-1997 18:00,10-06-1997 00:00,-84,1
08-06-1997 18:00,8,1,-4.2,-6.5,25932,11,387,2.95,2.52,1.1,8,11,08-06-1997 16:36,08-06-1997 18:00,10-06-1997 00:00,-84,1
19-06-1997 00:00,3.4,0.3,2,-2.3,49974,5.9,379,1.69,0.87,3.79,13.5,12,19-06-1997 00:32,19-06-1997 07:00,20-06-1997 23:00,-36,0
19-06-1997 01:00,4.8,-0.6,3.8,-1.3,44899,8.6,392,2.64,0.51,2.69,12,12,19-06-1997 00:32,19-06-1997 07:00,20-06-1997 23:00,-36,0
19-06-1997 02:00,5.3,0.2,4.9,1.2,31385,10.6,388,3.19,-0.47,2.51,11.9,12,19-06-1997 00:32,19-06-1997 07:00,20-06-1997 23:00,-36,0
15-07-1997 03:00,2.8,-0.3,1.3,-1.7,23745,18.2,329,3.94,0.56,14.69,25.1,13,15-07-1997 03:11,15-07-1997 08:00,16-07-1997 11:00,-45,0
15-07-1997 04:00,4.1,2.1,-2.2,0.6,25411,20.4,326,4.34,-0.2,7.76,18,13,15-07-1997 03:11,15-07-1997 08:00,16-07-1997 11:00,-45,0
15-07-1997 05:00,4,0.8,-1.2,0.2,34667,28.1,339,6.46,-0.07,11.91,22.5,13,15-07-1997 03:11,15-07-1997 08:00,16-07-1997 11:00,-45,0
03-08-1997 10:00,3.5,-1.2,-0.6,-1.6,43557,14.8,472,5.62,0.76,8.64,25.9,14,03-08-1997 10:42,03-08-1997 13:00,04-08-1997 03:00,-48,0
03-08-1997 11:00,5.8,4.3,1.7,-1.7,37966,17,464,6.21,0.79,3.5,16.5,14,03-08-1997 10:42,03-08-1997 13:00,04-08-1997 03:00,-48,0
03-08-1997 12:00,7.2,6.7,1.5,0.9,38027,29.6,453,10.39,-0.41,3.95,17.1,14,03-08-1997 10:42,03-08-1997 13:00,04-08-1997 03:00,-48,0
17-08-1997 02:00,4.4,-3.9,0.8,-0.2,43133,3.9,344,0.81,0.07,1.44,7.7,15,17-08-1997 02:00,17-08-1997 06:00,17-08-1997 20:00,-28,0
17-08-1997 03:00,4.6,-3,-1.2,2.3,41639,3.7,364,0.85,-0.84,1.24,7.6,15,17-08-1997 02:00,17-08-1997 06:00,17-08-1997 20:00,-28,0
17-08-1997 04:00,4.4,-2.5,-1.9,2.6,62014,5.1,386,1.32,-1,2.09,9.9,15,17-08-1997 02:00,17-08-1997 06:00,17-08-1997 20:00,-28,0
03-09-1997 08:00,9.9,-2,7.2,-5.3,87480,8.5,385,2.21,2.04,0.78,5.7,16,03-09-1997 08:00,03-09-1997 13:00,03-09-1997 21:00,-98,1
03-09-1997 09:00,13.2,-3.3,11.8,4.4,104561,11.4,415,3.45,-1.83,0.63,5.3,16,03-09-1997 08:00,03-09-1997 13:00,03-09-1997 21:00,-98,1
03-09-1997 10:00,13.1,-5.3,10.6,4.9,112941,10,401,2.87,-1.96,0.58,4.8,16,03-09-1997 08:00,03-09-1997 13:00,03-09-1997 21:00,-98,1
21-09-1997 16:00,6.2,5.1,0.9,-2.9,83677,17.8,406,5.37,1.18,4.08,13.8,17,21-09-1997 16:51,21-09-1997 21:00,22-09-1997 16:00,-36,0
21-09-1997 17:00,9.1,4.1,6.2,-4.3,82523,11.7,424,3.91,1.82,1.24,8,17,21-09-1997 16:51,21-09-1997 21:00,22-09-1997 16:00,-36,0
21-09-1997 18:00,8.2,5.7,3.1,-4.4,68340,15.2,439,5.3,1.93,1.85,10.4,17,21-09-1997 16:51,21-09-1997 21:00,22-09-1997 16:00,-36,0
01-10-1997 00:00,2.8,-0.9,-1.6,0.3,42541,13.9,413,4.39,-0.12,12.61,27.5,18,01-10-1997 00:59,01-10-1997 16:00,02-10-1997 23:00,-98,1
01-10-1997 01:00,8.7,-1.7,0.8,2.8,187187,20.2,471,8.2,-1.32,3.5,12.2,18,01-10-1997 00:59,01-10-1997 16:00,02-10-1997 23:00,-98,1
01-10-1997 02:00,13.8,-5.6,7,9.2,186487,11.1,472,4.95,-4.34,0.76,5.7,18,01-10-1997 00:59,01-10-1997 16:00,02-10-1997 23:00,-98,1
10-10-1997 03:00,7.4,-2.7,2.3,-4.9,106645,8,443,2.98,2.17,1.43,8.5,19,10-10-1997 03:00,10-10-1997 11:00,10-10-1997 22:00,-64,1
10-10-1997 04:00,7.2,-0.5,4.5,-4.6,124450,9.3,454,3.55,2.09,1.89,9.6,19,10-10-1997 03:00,10-10-1997 11:00,10-10-1997 22:00,-64,1
10-10-1997 05:00,8.1,-2.8,4.8,-5,112982,9.1,446,3.3,2.23,1.39,8.3,19,10-10-1997 03:00,10-10-1997 11:00,10-10-1997 22:00,-64,1
10-10-1997 16:00,13.1,3,12.7,0.6,24162,20.5,431,7.33,-0.26,0.76,7.4,20,10-10-1997 16:12,10-10-1997 22:00,12-10-1997 00:00,-130,1
10-10-1997 17:00,13.7,-0.3,11.6,-5.7,32365,29.6,449,11.16,2.56,1.05,8.9,20,10-10-1997 16:12,10-10-1997 22:00,12-10-1997 00:00,-130,1
10-10-1997 18:00,12.7,-0.6,9.1,-6.6,30481,30.2,447,11.81,2.95,1.24,9.7,20,10-10-1997 16:12,10-10-1997 22:00,12-10-1997 00:00,-130,1
26-10-1997 12:00,5.1,-4.6,-0.8,0.7,123116,1.6,509,0.83,-0.36,0.64,6.3,21,26-10-1997 12:00,27-10-1997 00:00,28-10-1997 07:00,-60,1
26-10-1997 13:00,5.6,-2,-0.6,-1.3,184493,2.4,551,1.46,0.72,1,7.6,21,26-10-1997 12:00,27-10-1997 00:00,28-10-1997 07:00,-60,1
26-10-1997 14:00,5.8,-1.7,-0.6,-2.2,255568,2.8,559,1.57,1.23,1.33,8.1,21,26-10-1997 12:00,27-10-1997 00:00,28-10-1997 07:00,-60,1
06-11-1997 22:00,5.5,0.7,3.6,-2.6,47977,9.3,339,2.21,0.88,2.26,9.4,22,06-11-1997 22:48,07-11-1997 04:00,09-11-1997 12:00,-110,1
06-11-1997 23:00,15.7,3.4,10.8,0,251678,21.6,455,8.94,0,1.39,6.7,22,06-11-1997 22:48,07-11-1997 04:00,09-11-1997 12:00,-110,1
07-11-1997 00:00,14.2,1.6,4.3,-12.9,201780,19.5,448,7.83,5.78,1.33,7,22,06-11-1997 22:48,07-11-1997 04:00,09-11-1997 12:00,-110,1
22-11-1997 09:00,6.9,-0.7,6.4,-0.8,107190,12.9,354,2.98,0.28,2.66,9.2,23,22-11-1997 09:49,22-11-1997 19:00,23-11-1997 14:00,-108,1
22-11-1997 10:00,18.9,-3.8,16.2,-2.6,263017,27.7,453,11.16,1.18,1.26,6.3,23,22-11-1997 09:49,22-11-1997 19:00,23-11-1997 14:00,-108,1
22-11-1997 11:00,25.1,-5.2,16.4,-10.4,257885,28.9,487,12.96,5.06,0.74,5.2,23,22-11-1997 09:49,22-11-1997 19:00,23-11-1997 14:00,-108,1
23-11-1997 19:00,7.3,-1.4,-4,-1,207802,4.2,581,2.59,0.58,1.1,8.2,24,23-11-1997 19:00,24-11-1997 00:00,25-11-1997 00:00,-47,0
23-11-1997 20:00,5.8,-4.8,-2.5,-1.7,237517,3.4,576,2.06,0.98,1.54,9.2,24,23-11-1997 19:00,24-11-1997 00:00,25-11-1997 00:00,-47,0
23-11-1997 21:00,5.4,-1.7,-3.6,-1.8,206672,3.1,565,1.82,1.02,1.48,9.2,24,23-11-1997 19:00,24-11-1997 00:00,25-11-1997 00:00,-47,0
10-12-1997 05:00,9.2,1.9,-8.3,0.1,45549,15.1,309,2.57,-0.03,1.29,6.5,25,10-12-1997 05:26,10-12-1997 18:00,12-12-1997 00:00,-60,1
10-12-1997 06:00,14.3,2.7,-13.5,-1.5,91052,28.8,348,6.43,0.52,1.29,6.5,25,10-12-1997 05:26,10-12-1997 18:00,12-12-1997 00:00,-60,1
10-12-1997 07:00,15.4,5.4,-14.2,-1,74184,25.7,340,5.54,0.34,0.91,5.6,25,10-12-1997 05:26,10-12-1997 18:00,12-12-1997 00:00,-60,1
30-12-1997 02:00,8,1.8,-4.4,-4.1,51364,13.7,350,3,1.43,1.6,8.1,26,30-12-1997 02:09,30-12-1997 10:00,31-12-1997 11:00,-77,1
30-12-1997 03:00,8.7,-0.6,4.8,-4.4,35423,26.5,375,6.5,1.65,2.39,11.1,26,30-12-1997 02:09,30-12-1997 10:00,31-12-1997 11:00,-77,1
30-12-1997 04:00,10.5,-0.3,-0.8,-9.9,34127,27.3,372,6.44,3.68,1.67,9.3,26,30-12-1997 02:09,30-12-1997 10:00,31-12-1997 11:00,-77,1
06-01-1998 14:00,7.9,-0.6,-5.9,-1.2,69708,14.9,327,2.91,0.39,1.97,8,27,06-01-1998 14:16,07-01-1998 01:00,08-01-1998 22:00,-77,1
06-01-1998 15:00,9.4,0.4,-5.5,-3.1,150090,28.3,365,7,1.13,3.71,10.3,27,06-01-1998 14:16,07-01-1998 01:00,08-01-1998 22:00,-77,1
06-01-1998 16:00,12.3,-2.9,-3.4,-11,97361,26.2,368,6.52,4.05,1.63,7.7,27,06-01-1998 14:16,07-01-1998 01:00,08-01-1998 22:00,-77,1
09-01-1998 07:00,6.6,0.5,-6.1,-1.4,157678,5.7,497,2.75,0.7,1.56,9,28,09-01-1998 07:00,09-01-1998 07:00,10-01-1998 08:00,-28,0
09-01-1998 08:00,6.4,-1.1,-5,-1.8,155848,5.2,502,2.56,0.9,1.5,8.9,28,09-01-1998 07:00,09-01-1998 07:00,10-01-1998 08:00,-28,0
09-01-1998 09:00,6.8,-3.5,-4.5,-2.9,141055,5.5,485,2.45,1.41,1.33,8.4,28,09-01-1998 07:00,09-01-1998 07:00,10-01-1998 08:00,-28,0
20-01-1998 00:00,9.5,7,-0.5,5,111835,19.8,368,5.36,-1.84,2.19,8.6,29,20-01-1998 00:00,20-01-1998 17:00,21-01-1998 04:00,-29,0
20-01-1998 01:00,12.4,8.6,-4.6,4.8,100364,15.1,383,4.5,-1.84,0.93,6,29,20-01-1998 00:00,20-01-1998 17:00,21-01-1998 04:00,-29,0
20-01-1998 02:00,11.8,2.1,-10,-5,151889,15.8,417,5.29,2.08,1.32,7,29,20-01-1998 00:00,20-01-1998 17:00,21-01-1998 04:00,-29,0
21-01-1998 04:00,5.7,3.7,0.4,-0.4,26899,33.6,442,11.31,0.18,6.68,22.5,30,21-01-1998 04:00,21-01-1998 06:00,22-01-1998 13:00,-11,0
21-01-1998 05:00,6,-2.7,-1,-4.4,30852,32,452,11.14,1.99,5.89,21.3,30,21-01-1998 04:00,21-01-1998 06:00,22-01-1998 13:00,-11,0
21-01-1998 06:00,7.8,6,2.9,2.8,24136,26.2,440,8.64,-1.23,2.73,14.4,30,21-01-1998 04:00,21-01-1998 06:00,22-01-1998 13:00,-11,0
28-01-1998 16:00,3.2,0,1.9,0.4,51304,8.4,372,2.07,-0.15,6.13,16.8,31,28-01-1998 16:00,29-01-1998 20:00,31-01-1998 01:00,-55,1
28-01-1998 17:00,7.3,-3.9,3.6,3.5,76485,8.5,397,2.43,-1.39,1.36,7.9,31,28-01-1998 16:00,29-01-1998 20:00,31-01-1998 01:00,-55,1
28-01-1998 18:00,7.8,-4,6,1.9,86178,7,409,2.11,-0.78,1.03,6.9,31,28-01-1998 16:00,29-01-1998 20:00,31-01-1998 01:00,-55,1
04-02-1998 00:00,9.6,4.2,-2.3,-8.1,16774,2.5,346,0.53,2.8,0.16,2.8,32,04-02-1998 00:00,04-02-1998 04:00,05-02-1998 23:00,-34,0
04-02-1998 01:00,9.6,1.1,-5.1,-5.5,32170,2.6,377,0.65,2.07,0.19,3.2,32,04-02-1998 00:00,04-02-1998 04:00,05-02-1998 23:00,-34,0
04-02-1998 02:00,9.4,-2,-9.1,0.2,31591,2.3,397,0.63,-0.08,0.17,3.2,32,04-02-1998 00:00,04-02-1998 04:00,05-02-1998 23:00,-34,0
17-02-1998 04:00,5.1,4.6,-1,1.1,24766,5.2,368,1.25,-0.4,1.27,8.2,33,17-02-1998 04:00,17-02-1998 10:00,17-02-1998 21:00,-100,1
17-02-1998 05:00,5.7,3.6,-2.2,2.8,27501,5.1,374,1.26,-1.05,1.02,7.4,33,17-02-1998 04:00,17-02-1998 10:00,17-02-1998 21:00,-100,1
17-02-1998 06:00,6.1,2.1,-2.6,4.8,46814,5.6,388,1.48,-1.86,1.1,7.5,33,17-02-1998 04:00,17-02-1998 10:00,17-02-1998 21:00,-100,1
18-02-1998 07:00,15.4,7.5,-13,-2.9,46641,13.7,381,3.61,1.1,0.42,4.6,34,18-02-1998 07:50,19-02-1998 01:00,20-02-1998 00:00,-51,1
18-02-1998 08:00,16.5,8.2,-13.8,-3.3,52260,17.7,383,4.63,1.26,0.49,4.9,34,18-02-1998 07:50,19-02-1998 01:00,20-02-1998 00:00,-51,1
18-02-1998 09:00,21.3,6.6,-20,-0.5,64412,24.4,411,7.3,0.21,0.43,4.8,34,18-02-1998 07:50,19-02-1998 01:00,20-02-1998 00:00,-51,1
04-03-1998 11:00,3.2,2,-0.7,-1.8,47561,4,352,0.88,0.63,2.86,11,35,04-03-1998 11:56,04-03-1998 13:00,06-03-1998 09:00,-36,0
04-03-1998 12:00,5.4,2.5,-0.7,-3.8,68401,5.6,376,1.43,1.43,1.57,8.2,35,04-03-1998 11:56,04-03-1998 13:00,06-03-1998 09:00,-36,0
04-03-1998 13:00,7.2,2.4,-2.6,-5.8,71482,6,388,1.64,2.25,0.96,6.6,35,04-03-1998 11:56,04-03-1998 13:00,06-03-1998 09:00,-36,0
25-03-1998 10:00,5.9,1,-1.1,-4.7,89319,10.6,403,3.38,1.89,2.76,11.1,36,25-03-1998 10:00,25-03-1998 13:00,26-03-1998 10:00,-56,1
25-03-1998 11:00,6.7,1.7,-2.5,-5.4,86634,11.4,402,3.54,2.17,2.27,10.1,36,25-03-1998 10:00,25-03-1998 13:00,26-03-1998 10:00,-56,1
25-03-1998 12:00,6.7,-1.5,2,-4.8,74118,14.2,406,4.47,1.95,2.66,11.4,36,25-03-1998 10:00,25-03-1998 13:00,26-03-1998 10:00,-56,1
30-03-1998 22:00,5.6,3.8,-3.2,-2,56994,3.2,399,0.95,0.8,0.79,6.4,37,30-03-1998 22:00,31-03-1998 11:00,03-04-1998 02:00,-35,0
30-03-1998 23:00,6.3,1.4,-5.1,-2.9,75141,4.1,429,1.38,1.24,0.87,6.9,37,30-03-1998 22:00,31-03-1998 11:00,03-04-1998 02:00,-35,0
31-03-1998 00:00,6.8,1.5,-5.9,-2.1,78192,4.5,430,1.5,0.9,0.84,6.7,37,30-03-1998 22:00,31-03-1998 11:00,03-04-1998 02:00,-35,0
11-04-1998 23:00,10,2.1,-6.9,-6.4,35767,3.9,370,1.11,2.37,0.27,3.7,38,11-04-1998 23:00,11-04-1998 23:00,13-04-1998 18:00,-46,0
12-04-1998 00:00,10,1.6,-8.5,-3.3,44423,4.2,371,1.2,1.22,0.3,3.8,38,11-04-1998 23:00,11-04-1998 23:00,13-04-1998 18:00,-46,0
12-04-1998 01:00,9.7,-1,-7.6,-5,49367,4.7,398,1.46,1.99,0.37,4.4,38,11-04-1998 23:00,11-04-1998 23:00,13-04-1998 18:00,-46,0
01-05-1998 21:00,6.3,-1.7,2.3,4,105829,5.1,475,2.2,-1.9,1.25,8.5,39,01-05-1998 21:56,02-05-1998 05:00,04-05-1998 02:00,-85,1
01-05-1998 22:00,14.7,-7.7,4.1,6.7,295537,11.9,552,7.31,-3.7,0.97,6.5,39,01-05-1998 21:56,02-05-1998 05:00,04-05-1998 02:00,-85,1
01-05-1998 23:00,17.2,-8.7,7.7,4.5,425736,14.5,582,9.58,-2.62,1.13,6.4,39,01-05-1998 21:56,02-05-1998 05:00,04-05-1998 02:00,-85,1
04-05-1998 02:00,7.8,-1.4,-2.2,-5.1,141879,9.3,519,4.77,2.65,1.72,10.1,40,04-05-1998 02:15,04-05-1998 10:00,07-05-1998 23:00,-205,1
04-05-1998 03:00,31.2,-4.3,-17.2,-23,268382,8.2,721,8.57,16.58,0.14,3.3,40,04-05-1998 02:15,04-05-1998 10:00,07-05-1998 23:00,-205,1
04-05-1998 04:00,39.1,-1.8,-24.8,-29,699910,5,834,7.76,24.19,0.11,2.4,40,04-05-1998 02:15,04-05-1998 10:00,07-05-1998 23:00,-205,1
02-06-1998 08:00,3.5,2.3,2.2,-0.4,42961,8,392,2.17,0.16,4.65,15.8,41,02-06-1998 08:00,02-06-1998 10:00,02-06-1998 18:00,-1,0
02-06-1998 09:00,4.1,1.3,3.4,0.3,51954,11,398,3.08,-0.12,4.91,16.1,41,02-06-1998 08:00,02-06-1998 10:00,02-06-1998 18:00,-1,0
02-06-1998 10:00,4.4,-1.5,2,2.4,58948,13.3,399,3.73,-0.96,5.35,16.5,41,02-06-1998 08:00,02-06-1998 10:00,02-06-1998 18:00,-1,0
13-06-1998 19:00,4.5,-1.7,3.9,1.3,11513,3.2,313,0.55,-0.41,0.92,6.2,42,13-06-1998 19:25,14-06-1998 04:00,15-06-1998 06:00,-55,1
13-06-1998 20:00,8.5,2,5.9,5.3,47205,11.2,365,2.75,-1.93,1.13,7.2,42,13-06-1998 19:25,14-06-1998 04:00,15-06-1998 06:00,-55,1
13-06-1998 21:00,11.8,5.8,6.7,7.6,39365,10.5,377,2.74,-2.87,0.53,5.2,42,13-06-1998 19:25,14-06-1998 04:00,15-06-1998 06:00,-55,1
24-06-1998 10:00,8.5,0.7,6.2,-2.6,180141,8.4,469,3.67,1.22,1.49,8,43,24-06-1998 10:00,24-06-1998 16:00,25-06-1998 23:00,-25,0
24-06-1998 11:00,6.6,4.2,-1,-2,215903,8.8,525,4.57,1.05,2.89,11.8,43,24-06-1998 10:00,24-06-1998 16:00,25-06-1998 23:00,-25,0
24-06-1998 12:00,6.3,2.7,3.4,-1.9,227208,7.9,519,4.08,0.99,2.94,11.6,43,24-06-1998 10:00,24-06-1998 16:00,25-06-1998 23:00,-25,0
25-06-1998 16:00,13,-5.5,-1.1,11.5,13187,15.4,413,5.98,-4.75,0.54,6.2,44,25-06-1998 16:36,26-06-1998 04:00,26-06-1998 19:00,-101,1
25-06-1998 17:00,17.3,-1.9,-6.1,15.9,23618,16,447,6.71,-7.11,0.34,5.2,44,25-06-1998 16:36,26-06-1998 04:00,26-06-1998 19:00,-101,1
25-06-1998 18:00,17,-1.2,-6.9,14.9,22527,15.4,461,6.8,-6.87,0.33,5.3,44,25-06-1998 16:36,26-06-1998 04:00,26-06-1998 19:00,-101,1
05-07-1998 03:00,6,4.1,-2.9,-0.6,222846,5.6,442,2.26,0.27,2.27,8.7,45,05-07-1998 03:15,06-07-1998 06:00,09-07-1998 07:00,-30,0
05-07-1998 04:00,8,4.2,1.6,-2.6,330188,7.8,485,4.06,1.26,2.32,8.5,45,05-07-1998 03:15,06-07-1998 06:00,09-07-1998 07:00,-30,0
05-07-1998 05:00,9.6,7.7,1.4,1.2,302913,8.7,469,4.14,-0.56,1.69,7.2,45,05-07-1998 03:15,06-07-1998 06:00,09-07-1998 07:00,-30,0
10-07-1998 23:00,5.1,1.8,-3.3,2.5,52153,14.6,339,3.14,-0.85,4.22,12.7,46,10-07-1998 23:00,11-07-1998 00:00,13-07-1998 15:00,-35,0
11-07-1998 00:00,7.8,1.3,-2.9,6.4,35334,14.9,344,3.26,-2.2,1.67,8.5,46,10-07-1998 23:00,11-07-1998 00:00,13-07-1998 15:00,-35,0
11-07-1998 01:00,10.2,3.6,-7.7,4.3,23739,10.8,359,2.44,-1.54,0.66,5.8,46,10-07-1998 23:00,11-07-1998 00:00,13-07-1998 15:00,-35,0
01-08-1998 04:00,9.8,-0.3,0.8,9.6,61469,8.1,384,2.2,-3.69,0.67,5.6,47,01-08-1998 04:00,01-08-1998 04:00,03-08-1998 10:00,-6,0
01-08-1998 05:00,9.9,-1.4,0.2,9.7,40988,9.9,396,2.89,-3.84,0.71,6.3,47,01-08-1998 04:00,01-08-1998 04:00,03-08-1998 10:00,-6,0
01-08-1998 06:00,10.4,-3.3,0.5,9.6,20511,7.2,404,2.21,-3.88,0.41,5.2,47,01-08-1998 04:00,01-08-1998 04:00,03-08-1998 10:00,-6,0
05-08-1998 13:00,6.5,2.9,4.6,-2.4,41723,7.8,388,2.1,0.93,1.31,8.3,48,05-08-1998 13:00,05-08-1998 13:00,06-08-1998 12:00,-138,1
05-08-1998 14:00,6.5,3.1,5.4,-0.4,33417,7.9,389,2.12,0.16,1.26,8.4,48,05-08-1998 13:00,05-08-1998 13:00,06-08-1998 12:00,-138,1
05-08-1998 15:00,7,1.4,5.3,-3.5,28258,7.4,385,1.94,1.35,0.98,7.5,48,05-08-1998 13:00,05-08-1998 13:00,06-08-1998 12:00,-138,1
07-08-1998 11:00,9.1,-2.3,5.8,-1.3,275127,4.7,477,1.98,0.62,0.95,5.7,49,07-08-1998 11:00,07-08-1998 23:00,09-08-1998 23:00,-62,1
07-08-1998 12:00,7.8,0.7,0,-3.5,233797,4.6,495,2.07,1.73,1.14,6.8,49,07-08-1998 11:00,07-08-1998 23:00,09-08-1998 23:00,-62,1
07-08-1998 13:00,8.7,0.9,8.2,0.4,244508,3.6,494,1.61,-0.2,0.74,5.4,49,07-08-1998 11:00,07-08-1998 23:00,09-08-1998 23:00,-62,1
10-08-1998 00:00,4.7,-4.5,0.8,0.6,44122,3.9,400,1.13,-0.24,1.27,8.4,50,10-08-1998 00:46,10-08-1998 11:00,10-08-1998 22:00,-27,0
10-08-1998 01:00,9.4,-7.1,5.6,-0.6,150380,5.3,448,2.11,0.27,0.7,5.5,50,10-08-1998 00:46,10-08-1998 11:00,10-08-1998 22:00,-27,0
10-08-1998 02:00,8.3,-5.5,5.8,-1.1,232416,4.8,480,2.1,0.53,1.05,6.3,50,10-08-1998 00:46,10-08-1998 11:00,10-08-1998 22:00,-27,0
11-08-1998 23:00,6.3,-3,2.2,1,31955,14.7,367,3.76,-0.37,2.47,11.2,51,11-08-1998 23:00,12-08-1998 01:00,13-08-1998 14:00,-19,0
12-08-1998 00:00,6.4,-1.9,2.9,1.5,29777,19.7,373,5.13,-0.56,3.16,12.9,51,11-08-1998 23:00,12-08-1998 01:00,13-08-1998 14:00,-19,0
12-08-1998 01:00,9.6,-6.3,6.4,1.8,24886,10.9,377,2.72,-0.68,0.75,6.5,51,11-08-1998 23:00,12-08-1998 01:00,13-08-1998 14:00,-19,0
19-08-1998 18:00,4.3,-2.2,0.7,-3.4,,,274,,0.93,,,52,19-08-1998 18:47,20-08-1998 06:00,21-08-1998 20:00,-67,1
19-08-1998 19:00,8.1,-2.8,2.9,-6.9,61814,12.3,313,2.18,2.16,1.48,6.8,52,19-08-1998 18:47,20-08-1998 06:00,21-08-1998 20:00,-67,1
19-08-1998 20:00,9.1,-3.5,1,-7.6,48046,13.9,330,2.67,2.51,1.23,6.8,52,19-08-1998 18:47,20-08-1998 06:00,21-08-1998 20:00,-67,1
26-08-1998 06:00,5.4,-1.2,3.8,-0.8,104655,4.2,453,1.7,0.36,1.4,8.6,53,26-08-1998 06:51,26-08-1998 22:00,28-08-1998 00:00,-155,1
26-08-1998 07:00,15.9,-9.5,6.5,6.9,308999,9.3,572,5.91,-3.95,0.67,5.5,53,26-08-1998 06:51,26-08-1998 22:00,28-08-1998 00:00,-155,1
26-08-1998 08:00,15.9,-10.3,6.2,7.5,402151,9.5,607,7.48,-4.55,0.83,5.9,53,26-08-1998 06:51,26-08-1998 22:00,28-08-1998 00:00,-155,1
23-09-1998 02:00,7.2,-5,3.6,1.1,138069,6,436,2.26,-0.48,1.28,7.4,54,23-09-1998 02:00,23-09-1998 04:00,23-09-1998 18:00,-33,0
23-09-1998 03:00,8.1,-6.7,3.4,1.1,161913,6.5,447,2.59,-0.49,1.2,7,54,23-09-1998 02:00,23-09-1998 04:00,23-09-1998 18:00,-33,0
23-09-1998 04:00,7.7,-6.3,3.5,1.2,142618,5.6,454,2.2,-0.54,1.06,7,54,23-09-1998 02:00,23-09-1998 04:00,23-09-1998 18:00,-33,0
24-09-1998 23:00,13.8,-6.4,12,-0.5,160664,7.6,433,2.78,0.22,0.48,4.3,55,24-09-1998 23:45,25-09-1998 06:00,26-09-1998 16:00,-207,1
25-09-1998 00:00,28.6,-9.6,23.4,3.8,498381,12,596,8.94,-2.26,0.38,3.6,55,24-09-1998 23:45,25-09-1998 06:00,26-09-1998 16:00,-207,1
25-09-1998 01:00,22.7,-2.9,13.2,-6.8,633431,7.8,695,7.55,4.73,0.48,4.3,55,24-09-1998 23:45,25-09-1998 06:00,26-09-1998 16:00,-207,1
18-10-1998 19:00,4.3,3.7,-1.5,1.2,38351,15.9,314,2.81,-0.38,5.96,14.6,56,18-10-1998 19:52,19-10-1998 04:00,20-10-1998 07:00,-112,1
18-10-1998 20:00,7.8,4.2,0.4,-1,41022,34.9,350,7.65,0.35,4.04,13.3,56,18-10-1998 19:52,19-10-1998 04:00,20-10-1998 07:00,-112,1
18-10-1998 21:00,8.1,0.6,1.3,-2.3,54903,39.4,365,9.33,0.84,4.58,14.1,56,18-10-1998 19:52,19-10-1998 04:00,20-10-1998 07:00,-112,1
23-10-1998 12:00,4.6,-3.2,0,-2.6,167840,2.8,501,1.36,1.3,1.63,9.1,57,23-10-1998 12:30,23-10-1998 15:00,24-10-1998 16:00,-52,1
23-10-1998 13:00,7,-6,0.5,-0.3,364150,5.6,540,3.51,0.16,2.34,9.1,57,23-10-1998 12:30,23-10-1998 15:00,24-10-1998 16:00,-52,1
23-10-1998 14:00,8.2,-6.9,2.5,0.4,433290,6,557,4.58,-0.22,2.08,8.3,57,23-10-1998 12:30,23-10-1998 15:00,24-10-1998 16:00,-52,1
07-11-1998 08:00,8.2,-4,5.1,-0.3,167509,7.2,440,2.6,0.13,1.32,7.2,58,07-11-1998 08:15,07-11-1998 22:00,09-11-1998 01:00,-81,1
07-11-1998 09:00,8.8,-4.8,-1.5,1.2,319973,11.3,496,5.42,-0.6,2.72,9.5,58,07-11-1998 08:15,07-11-1998 22:00,09-11-1998 01:00,-81,1
07-11-1998 10:00,7.5,-0.9,1.9,-0.2,328906,11.8,519,5.88,0.1,3.99,11.9,58,07-11-1998 08:15,07-11-1998 22:00,09-11-1998 01:00,-81,1
08-11-1998 04:00,17,3.5,8.2,-13.4,41441,4.7,478,2.12,6.41,0.11,3,59,08-11-1998 04:51,09-11-1998 01:00,11-11-1998 01:00,-149,1
08-11-1998 05:00,32.6,3.3,25.1,-18.5,237210,7.6,586,6.26,10.84,0.11,2.5,59,08-11-1998 04:51,09-11-1998 01:00,11-11-1998 01:00,-149,1
08-11-1998 06:00,36.2,8.5,33,-11.3,156930,6.7,622,5.28,7.03,0.06,2.2,59,08-11-1998 04:51,09-11-1998 01:00,11-11-1998 01:00,-149,1
13-11-1998 01:00,12,1.8,-1.6,-9.3,61593,16.5,381,4.54,3.54,0.91,6.4,60,13-11-1998 01:43,13-11-1998 02:00,14-11-1998 12:00,-131,1
13-11-1998 02:00,12,1.3,2.2,-11.4,56473,27.7,408,8.16,4.65,1.48,8.9,60,13-11-1998 01:43,13-11-1998 02:00,14-11-1998 12:00,-131,1
13-11-1998 03:00,14.1,2.5,10.3,7.2,43789,27.8,405,8.07,-2.92,1,7.6,60,13-11-1998 01:43,13-11-1998 02:00,14-11-1998 12:00,-131,1
30-11-1998 05:00,8.5,1.9,-4.9,-6.1,54040,13.3,392,3.9,2.39,1.4,8.4,61,30-11-1998 05:07,30-11-1998 21:00,01-12-1998 04:00,-15,0
30-11-1998 06:00,7.4,3.8,-3.8,-2.2,47881,19.1,425,6.68,0.94,2.56,12.6,61,30-11-1998 05:07,30-11-1998 21:00,01-12-1998 04:00,-15,0
30-11-1998 07:00,9.6,3.3,-5.3,-4.9,79448,15.9,458,6.48,2.24,1.49,9.5,61,30-11-1998 05:07,30-11-1998 21:00,01-12-1998 04:00,-15,0
28-12-1998 18:00,9.2,-4.5,3.8,-4.4,78707,11.2,383,3.11,1.69,1.14,7,62,28-12-1998 18:26,29-12-1998 18:00,31-12-1998 02:00,-58,1
28-12-1998 19:00,14.7,-5.7,10,-4.8,87348,8.9,413,2.95,1.98,0.37,4.2,62,28-12-1998 18:26,29-12-1998 18:00,31-12-1998 02:00,-58,1
28-12-1998 20:00,13.8,-6.3,10.9,1.9,140113,8.2,422,2.75,-0.8,0.48,4.4,62,28-12-1998 18:26,29-12-1998 18:00,31-12-1998 02:00,-58,1
04-01-1999 00:00,5.9,-0.1,5.8,-0.1,25353,7.4,347,1.73,0.03,1.36,8,63,04-01-1999 00:00,04-01-1999 04:00,04-01-1999 22:00,-29,0
04-01-1999 01:00,6.6,-1.1,6.4,-1.1,21384,8.1,347,1.84,0.38,1.16,7.5,63,04-01-1999 00:00,04-01-1999 04:00,04-01-1999 22:00,-29,0
04-01-1999 02:00,7.7,0,7.3,-1.9,23797,9.1,359,2.21,0.68,0.97,7,63,04-01-1999 00:00,04-01-1999 04:00,04-01-1999 22:00,-29,0
13-01-1999 10:00,5.2,0.1,-1.7,-3.4,45162,9.7,348,2.17,1.18,2.59,10.4,64,13-01-1999 10:54,13-01-1999 15:00,13-01-1999 23:00,-112,1
13-01-1999 11:00,10.6,-2.7,-3.2,-9.4,39576,17,384,4.57,3.61,1.06,7.5,64,13-01-1999 10:54,13-01-1999 15:00,13-01-1999 23:00,-112,1
13-01-1999 12:00,10.6,-0.5,-3.6,-6.7,52966,17.7,388,5.06,2.6,1.19,7.7,64,13-01-1999 10:54,13-01-1999 15:00,13-01-1999 23:00,-112,1
22-01-1999 19:00,10.4,-7.8,5.7,-2.3,226744,3.1,526,1.61,1.21,0.42,4.5,65,22-01-1999 19:50,23-01-1999 09:00,23-01-1999 18:00,-52,1
22-01-1999 20:00,13,-7.1,9.8,1.1,312349,3.1,570,1.97,-0.63,0.34,3.9,65,22-01-1999 19:50,23-01-1999 09:00,23-01-1999 18:00,-52,1
22-01-1999 21:00,18,-7.3,10.6,11.5,457836,3.5,623,2.51,-7.16,0.26,3.2,65,22-01-1999 19:50,23-01-1999 09:00,23-01-1999 18:00,-52,1
13-02-1999 19:00,6.1,-1.8,4.3,0.8,81848,3.9,461,1.45,-0.37,0.92,7.5,66,13-02-1999 19:00,13-02-1999 19:00,14-02-1999 15:00,-17,0
13-02-1999 20:00,7.2,-0.3,6.5,-0.4,68271,4.2,475,1.68,0.19,0.66,6.8,66,13-02-1999 19:00,13-02-1999 19:00,14-02-1999 15:00,-17,0
13-02-1999 21:00,7.3,-2.3,4,5.3,56336,5.1,462,1.93,-2.45,0.74,7.1,66,13-02-1999 19:00,13-02-1999 19:00,14-02-1999 15:00,-17,0
16-02-1999 15:00,3.8,-1.2,0.3,3.3,77661,1.5,468,0.6,-1.54,0.89,7.5,67,16-02-1999 15:00,16-02-1999 15:00,17-02-1999 11:00,-7,0
16-02-1999 16:00,4,-0.3,0.6,3.6,57606,2,464,0.77,-1.67,0.97,8.2,67,16-02-1999 15:00,16-02-1999 15:00,17-02-1999 11:00,-7,0
16-02-1999 17:00,4.3,-0.9,0.3,4,61457,2.1,458,0.79,-1.83,0.9,7.7,67,16-02-1999 15:00,16-02-1999 15:00,17-02-1999 11:00,-7,0
17-02-1999 07:00,10.9,0.9,10.5,-0.7,44074,8.1,485,3.88,0.34,0.49,6.3,68,17-02-1999 07:09,17-02-1999 16:00,18-02-1999 10:00,-34,0
17-02-1999 08:00,13.3,2.1,12.3,-4.3,37713,8.7,490,4.33,2.11,0.34,5.4,68,17-02-1999 07:09,17-02-1999 16:00,18-02-1999 10:00,-34,0
17-02-1999 09:00,13,2,8.2,-8.9,39767,7.9,493,3.82,4.39,0.33,5.3,68,17-02-1999 07:09,17-02-1999 16:00,18-02-1999 10:00,-34,0
18-02-1999 02:00,7.3,-5.4,3.3,1.8,126816,3.4,389,1.12,-0.7,0.68,4.9,69,18-02-1999 02:46,18-02-1999 10:00,20-02-1999 17:00,-123,1
18-02-1999 03:00,21.5,-2.2,16.4,-5.5,401576,7.5,583,6.44,3.21,0.36,3.7,69,18-02-1999 02:46,18-02-1999 10:00,20-02-1999 17:00,-123,1
18-02-1999 04:00,26.9,0.2,25,-8.2,449034,6.1,607,5.54,4.98,0.2,2.8,69,18-02-1999 02:46,18-02-1999 10:00,20-02-1999 17:00,-123,1
10-03-1999 01:00,6.3,-0.5,-1.8,-5.2,76248,10.2,427,3.86,2.22,2.19,10.8,70,10-03-1999 01:30,10-03-1999 17:00,12-03-1999 02:00,-81,1
10-03-1999 02:00,10.4,0.8,-1.7,-9.2,71669,15.2,453,6.27,4.17,1.17,8.5,70,10-03-1999 01:30,10-03-1999 17:00,12-03-1999 02:00,-81,1
10-03-1999 03:00,11.7,2,-1.5,-9.5,75498,14.8,455,6.18,4.32,0.92,7.5,70,10-03-1999 01:30,10-03-1999 17:00,12-03-1999 02:00,-81,1
19-03-1999 10:00,4.7,-3.4,2.3,1.3,86881,4.2,378,1.2,-0.49,1.7,8.2,71,19-03-1999 10:00,19-03-1999 11:00,20-03-1999 12:00,-30,0
19-03-1999 11:00,3.9,-2.2,1.6,0.5,50113,6.5,386,1.94,-0.19,3.17,12.6,71,19-03-1999 10:00,19-03-1999 11:00,20-03-1999 12:00,-30,0
19-03-1999 12:00,4.2,-0.9,2.5,-3,25040,6.8,376,1.92,1.13,2.46,11.7,71,19-03-1999 10:00,19-03-1999 11:00,20-03-1999 12:00,-30,0
16-04-1999 11:00,8.9,-3,7.4,2,95283,5.7,402,1.63,-0.8,0.67,5.4,72,16-04-1999 11:25,16-04-1999 18:00,17-04-1999 19:00,-91,1
16-04-1999 12:00,11.9,-1.3,6.2,3.7,76338,12.4,440,4.31,-1.63,0.75,6.5,72,16-04-1999 11:25,16-04-1999 18:00,17-04-1999 19:00,-91,1
16-04-1999 13:00,7.7,-0.9,-5.6,3.9,66310,27,456,10.2,-1.78,3.69,15.4,72,16-04-1999 11:25,16-04-1999 18:00,17-04-1999 19:00,-91,1
20-04-1999 16:00,9.5,-5.6,5.4,-3.7,223005,8.1,511,4.28,1.89,1.31,7.7,73,20-04-1999 16:00,21-04-1999 04:00,22-04-1999 14:00,-29,0
20-04-1999 17:00,12.2,-3.9,3.3,8.3,339376,6.9,573,4.36,-4.76,0.9,6.2,73,20-04-1999 16:00,21-04-1999 04:00,22-04-1999 14:00,-29,0
20-04-1999 18:00,8.7,-2.3,0.8,5.1,383311,6.6,609,4.76,-3.11,1.86,9,73,20-04-1999 16:00,21-04-1999 04:00,22-04-1999 14:00,-29,0
15-05-1999 16:00,5.1,2.5,2.5,0.5,76188,6.1,392,1.87,-0.2,2,9.5,74,15-05-1999 16:00,15-05-1999 16:00,18-05-1999 00:00,-13,0
15-05-1999 17:00,4.8,1.7,-1.8,-0.5,65596,5.3,393,1.66,0.2,1.86,9.4,74,15-05-1999 16:00,15-05-1999 16:00,18-05-1999 00:00,-13,0
15-05-1999 18:00,4.5,2.6,-3.5,-0.4,60847,5,391,1.55,0.16,1.94,9.7,74,15-05-1999 16:00,15-05-1999 16:00,18-05-1999 00:00,-13,0
02-06-1999 20:00,10.7,-8.6,6,-1.7,99786,5.4,378,1.5,0.64,0.45,4.1,75,02-06-1999 20:00,02-06-1999 23:00,03-06-1999 22:00,-6,0
02-06-1999 21:00,8.5,-5.2,5.1,-4.1,99821,10.9,392,3.2,1.61,1.43,7.6,75,02-06-1999 20:00,02-06-1999 23:00,03-06-1999 22:00,-6,0
02-06-1999 22:00,10.3,-0.8,6.8,1.3,81400,12.2,420,4.03,-0.55,1,7.1,75,02-06-1999 20:00,02-06-1999 23:00,03-06-1999 22:00,-6,0
26-06-1999 20:00,17.4,-3.6,8.4,13.2,160598,23.9,374,6.19,-4.94,0.95,5.3,76,26-06-1999 20:16,27-06-1999 22:00,29-06-1999 04:00,-41,0
26-06-1999 21:00,21.8,-1.4,19.2,8.4,189790,26.8,412,8.33,-3.46,0.75,4.9,76,26-06-1999 20:16,27-06-1999 22:00,29-06-1999 04:00,-41,0
26-06-1999 22:00,23.4,-0.4,19.7,10.6,257398,10.8,432,3.89,-4.58,0.32,3,76,26-06-1999 20:16,27-06-1999 22:00,29-06-1999 04:00,-41,0
02-07-1999 00:00,4.7,-2.9,2.6,1.1,108040,1.3,476,0.57,-0.52,0.58,5.8,77,02-07-1999 00:59,03-07-1999 05:00,06-07-1999 06:00,-26,0
02-07-1999 01:00,9.1,-0.3,5.6,3.6,298545,3.5,593,2.37,-2.13,0.75,6.1,77,02-07-1999 00:59,03-07-1999 05:00,06-07-1999 06:00,-26,0
02-07-1999 02:00,9.3,-2.8,4.6,3.9,370611,3.8,589,2.61,-2.3,0.91,6.2,77,02-07-1999 00:59,03-07-1999 05:00,06-07-1999 06:00,-26,0
06-07-1999 15:00,8.6,4.6,-2,6.6,31197,4.4,382,1.34,-2.52,0.39,4.7,78,06-07-1999 15:09,06-07-1999 21:00,07-07-1999 02:00,-4,0
06-07-1999 16:00,9.9,4.9,-1.9,8,37710,4.9,399,1.69,-3.19,0.35,4.5,78,06-07-1999 15:09,06-07-1999 21:00,07-07-1999 02:00,-4,0
06-07-1999 17:00,9.4,6.1,-3.8,5.6,35469,3.9,390,1.32,-2.18,0.3,4.1,78,06-07-1999 15:09,06-07-1999 21:00,07-07-1999 02:00,-4,0
07-07-1999 06:00,6.1,1,1.6,4.1,138255,3.4,431,1.12,-1.77,1.01,6.5,79,07-07-1999 06:00,07-07-1999 07:00,08-07-1999 04:00,-1,0
07-07-1999 07:00,6.6,-4.1,-0.8,3.6,62108,2.3,487,0.95,-1.75,0.42,5.6,79,07-07-1999 06:00,07-07-1999 07:00,08-07-1999 04:00,-1,0
07-07-1999 08:00,6.2,-5.7,-2.2,1.2,45928,2,489,0.83,-0.59,0.38,5.6,79,07-07-1999 06:00,07-07-1999 07:00,08-07-1999 04:00,-1,0
26-07-1999 23:00,4.2,0,3.5,-0.2,86793,2.3,430,0.83,0.09,1.17,7.8,80,26-07-1999 23:33,27-07-1999 17:00,29-07-1999 12:00,-38,0
27-07-1999 00:00,4.9,-2.6,2.4,-0.2,110263,2.9,415,0.99,0.08,1.2,7.2,80,26-07-1999 23:33,27-07-1999 17:00,29-07-1999 12:00,-38,0
27-07-1999 01:00,5.9,-1.7,4,-1.1,122067,3.5,433,1.29,0.48,1.05,6.9,80,26-07-1999 23:33,27-07-1999 17:00,29-07-1999 12:00,-38,0
30-07-1999 16:00,18.7,11,-12.3,6.2,394343,3.8,551,2.22,-3.42,0.24,2.9,81,30-07-1999 16:00,30-07-1999 20:00,31-07-1999 08:00,-52,1
30-07-1999 17:00,20.7,4.5,-19.5,2,668743,4.4,622,3.16,-1.24,0.34,3.2,81,30-07-1999 16:00,30-07-1999 20:00,31-07-1999 08:00,-52,1
30-07-1999 18:00,11.7,-1.4,-2.8,-3.4,398787,13.5,626,10.53,2.13,2.16,9.8,81,30-07-1999 16:00,30-07-1999 20:00,31-07-1999 08:00,-52,1
31-07-1999 18:00,6.1,2.5,-3.9,-0.3,71695,4,604,2.81,0.18,0.89,9.9,82,31-07-1999 18:37,31-07-1999 19:00,02-08-1999 06:00,-39,0
31-07-1999 19:00,5.9,1.9,-4.5,1,123582,3.5,622,2.51,-0.62,1.05,9.9,82,31-07-1999 18:37,31-07-1999 19:00,02-08-1999 06:00,-39,0
31-07-1999 20:00,6.7,-2.3,-4.3,-3.6,78336,1.2,667,1.04,2.4,0.23,5.5,82,31-07-1999 18:37,31-07-1999 19:00,02-08-1999 06:00,-39,0
02-08-1999 11:00,3.8,2.3,-2.1,-1.6,31520,0.7,422,0.23,0.68,0.32,4.6,83,02-08-1999 11:00,02-08-1999 15:00,03-08-1999 15:00,-16,0
02-08-1999 12:00,4.2,1.7,-3.1,-1.7,36197,0.9,443,0.33,0.75,0.35,5,83,02-08-1999 11:00,02-08-1999 15:00,03-08-1999 15:00,-16,0
02-08-1999 13:00,4.2,1.7,-3.3,-0.8,47252,1,442,0.36,0.35,0.41,5.3,83,02-08-1999 11:00,02-08-1999 15:00,03-08-1999 15:00,-16,0
08-08-1999 18:00,5.5,-2.8,1.8,-4.2,49745,2.1,380,0.57,1.6,0.51,5,84,08-08-1999 18:41,08-08-1999 20:00,10-08-1999 17:00,-47,0
08-08-1999 19:00,7.2,-2.6,3.1,-5.5,66561,3,406,0.91,2.23,0.47,4.9,84,08-08-1999 18:41,08-08-1999 20:00,10-08-1999 17:00,-47,0
08-08-1999 20:00,7.3,-2.2,3.2,-5.4,58893,3.5,404,1.04,2.18,0.51,5.2,84,08-08-1999 18:41,08-08-1999 20:00,10-08-1999 17:00,-47,0
11-08-1999 23:00,8.8,1.3,-6.8,4.7,78885,4,408,1.21,-1.92,0.45,4.6,85,11-08-1999 23:00,12-08-1999 03:00,14-08-1999 00:00,-13,0
12-08-1999 00:00,6.9,0.9,-6.1,2.5,71745,7.8,418,2.39,-1.04,1.36,8.5,85,11-08-1999 23:00,12-08-1999 03:00,14-08-1999 00:00,-13,0
12-08-1999 01:00,7.3,3.7,-5.7,2.4,64868,6.4,402,1.84,-0.96,0.97,7,85,11-08-1999 23:00,12-08-1999 03:00,14-08-1999 00:00,-13,0
20-08-1999 23:00,5.5,-5.2,-0.4,-1,254472,1.2,570,0.74,0.57,0.63,5.7,86,20-08-1999 23:00,20-08-1999 23:00,23-08-1999 11:00,-66,1
21-08-1999 00:00,5.5,-4.9,1.9,1,222272,1.4,572,0.92,-0.57,0.68,6.2,86,20-08-1999 23:00,20-08-1999 23:00,23-08-1999 11:00,-66,1
21-08-1999 01:00,5.5,-5,1.8,0.8,194742,1.4,566,0.9,-0.45,0.62,6.1,86,20-08-1999 23:00,20-08-1999 23:00,23-08-1999 11:00,-66,1
21-09-1999 12:00,5.8,0.3,-3.5,-3.8,32765,10,382,2.72,1.45,1.99,10.4,87,21-09-1999 12:00,21-09-1999 12:00,22-09-1999 12:00,-41,0
21-09-1999 13:00,6.9,-2.7,4.1,-4.6,17838,9.4,377,2.37,1.73,1.2,8.4,87,21-09-1999 12:00,21-09-1999 12:00,22-09-1999 12:00,-41,0
21-09-1999 14:00,6.5,-3.7,4.2,-3.3,21202,10.5,371,2.55,1.22,1.55,9.2,87,21-09-1999 12:00,21-09-1999 12:00,22-09-1999 12:00,-41,0
22-09-1999 12:00,13.7,-2.9,-2.8,-0.7,106381,26.4,389,7.87,0.27,1.37,7.3,88,22-09-1999 12:22,22-09-1999 19:00,24-09-1999 03:00,-173,1
22-09-1999 13:00,19.6,8.3,-10.2,7.5,197868,41.5,449,18.16,-3.37,1.47,7.4,88,22-09-1999 12:22,22-09-1999 19:00,24-09-1999 03:00,-173,1
22-09-1999 14:00,20.8,6.8,-15.2,8.2,269452,30.2,468,14.93,-3.84,1.16,6.2,88,22-09-1999 12:22,22-09-1999 19:00,24-09-1999 03:00,-173,1
21-10-1999 02:00,16.2,-4,13.9,0.4,67904,24.3,382,6.8,-0.15,0.76,5.8,89,21-10-1999 02:25,21-10-1999 08:00,22-10-1999 07:00,-237,1
21-10-1999 03:00,16.7,-1.3,11.4,4.3,111286,42.5,435,15.53,-1.87,1.52,8.5,89,21-10-1999 02:25,21-10-1999 08:00,22-10-1999 07:00,-237,1
21-10-1999 04:00,14,1.5,-2.8,7.9,177777,37.5,436,13.71,-3.44,2.44,9.5,89,21-10-1999 02:25,21-10-1999 08:00,22-10-1999 07:00,-237,1
11-11-1999 19:00,6.2,-3.9,3,0.2,197972,1.8,608,1.24,-0.12,0.64,6.6,90,11-11-1999 19:00,12-11-1999 10:00,13-11-1999 18:00,-69,1
11-11-1999 20:00,5.7,-3.7,1.5,-2.7,280847,1.5,643,1.24,1.74,0.79,6.9,90,11-11-1999 19:00,12-11-1999 10:00,13-11-1999 18:00,-69,1
11-11-1999 21:00,5.8,-4.6,2.6,-1.6,258810,1.2,641,0.99,1.03,0.57,6.1,90,11-11-1999 19:00,12-11-1999 10:00,13-11-1999 18:00,-69,1
13-11-1999 12:00,6.6,0.8,-0.3,-6.5,18360,2.5,412,0.86,2.68,0.35,4.9,91,13-11-1999 12:00,13-11-1999 20:00,15-11-1999 00:00,-106,1
13-11-1999 13:00,9.8,1.2,1.9,-9.3,23367,5.1,441,2.04,4.1,0.34,5.1,91,13-11-1999 12:00,13-11-1999 20:00,15-11-1999 00:00,-106,1
13-11-1999 14:00,11.1,2.1,6.3,-8.7,25716,5.1,465,2.18,4.05,0.27,4.7,91,13-11-1999 12:00,13-11-1999 20:00,15-11-1999 00:00,-106,1
22-11-1999 00:00,14.4,7.4,-11.1,-0.5,49939,10.4,409,3.54,0.2,0.37,4.6,92,22-11-1999 00:00,22-11-1999 00:00,24-11-1999 03:00,-41,0
22-11-1999 01:00,14.2,1.2,-2.4,5.4,101951,13.1,448,4.88,-2.42,0.62,5.7,92,22-11-1999 00:00,22-11-1999 00:00,24-11-1999 03:00,-41,0
22-11-1999 02:00,14.9,-1.1,-0.8,14.3,71455,11,464,4.13,-6.64,0.41,5.2,92,22-11-1999 00:00,22-11-1999 00:00,24-11-1999 03:00,-41,0
12-12-1999 15:00,4.8,-3.5,2.7,-1.7,35087,0.8,354,0.19,0.6,0.24,3.3,93,12-12-1999 15:51,12-12-1999 19:00,13-12-1999 16:00,-85,1
12-12-1999 16:00,8.2,-4.7,6.1,-1,202606,1.1,424,0.63,0.42,0.23,2.7,93,12-12-1999 15:51,12-12-1999 19:00,13-12-1999 16:00,-85,1
12-12-1999 17:00,9.4,-2.4,2.1,-0.6,570095,1.2,588,0.79,0.35,0.39,3.4,93,12-12-1999 15:51,12-12-1999 19:00,13-12-1999 16:00,-85,1
13-12-1999 23:00,9.4,4.3,-2.8,7.8,233949,3,410,1.01,-3.2,0.51,3.8,94,13-12-1999 23:00,14-12-1999 04:00,14-12-1999 20:00,-33,0
14-12-1999 00:00,12,3.5,-2.5,11,160240,1.2,442,0.47,-4.86,0.1,2,94,13-12-1999 23:00,14-12-1999 04:00,14-12-1999 20:00,-33,0
14-12-1999 01:00,10.1,2.4,-5.9,6.7,181602,3.3,455,1.37,-3.05,0.42,4.1,94,13-12-1999 23:00,14-12-1999 04:00,14-12-1999 20:00,-33,0
26-12-1999 21:00,8.2,-7.4,3.5,0.4,30670,4.4,378,1.26,-0.15,0.43,4.8,95,26-12-1999 21:30,27-12-1999 11:00,28-12-1999 04:00,-8,0
26-12-1999 22:00,9.8,-8,4.6,2.3,61070,5.3,389,1.6,-0.89,0.43,4.6,95,26-12-1999 21:30,27-12-1999 11:00,28-12-1999 04:00,-8,0
26-12-1999 23:00,11.3,-6.9,6.5,-1,103991,8.5,418,2.97,0.42,0.64,5.4,95,26-12-1999 21:30,27-12-1999 11:00,28-12-1999 04:00,-8,0
22-01-2000 00:00,5,-3.7,2.9,-0.8,50750,6.1,332,1.34,0.27,1.82,8.2,96,22-01-2000 00:23,22-01-2000 17:00,23-01-2000 02:00,-97,1
22-01-2000 01:00,6,-5.5,1.3,-1.4,90955,8,334,1.78,0.47,2.03,7.9,96,22-01-2000 00:23,22-01-2000 17:00,23-01-2000 02:00,-97,1
22-01-2000 02:00,9.4,-7.1,5.2,1.2,140980,13.6,360,3.53,-0.43,1.72,7.1,96,22-01-2000 00:23,22-01-2000 17:00,23-01-2000 02:00,-97,1
11-02-2000 02:00,5.8,5.4,0.1,0.5,108764,3.1,417,1.04,-0.21,0.91,6.3,97,11-02-2000 02:58,11-02-2000 16:00,11-02-2000 20:00,-25,0
11-02-2000 03:00,9.9,6.6,-0.2,3.2,231077,6.9,478,3.62,-1.53,1.05,6.3,97,11-02-2000 02:58,11-02-2000 16:00,11-02-2000 20:00,-25,0
11-02-2000 04:00,10.7,3.4,-5,-5.5,252361,9.2,506,4.83,2.78,1.27,7.2,97,11-02-2000 02:58,11-02-2000 16:00,11-02-2000 20:00,-25,0
11-02-2000 23:00,6.3,2.4,-4.8,-3.2,61565,4.3,422,1.41,1.35,0.86,6.9,98,11-02-2000 23:52,12-02-2000 12:00,13-02-2000 00:00,-133,1
12-02-2000 00:00,16.7,5.5,-10.6,-9.8,139168,13.8,527,7.45,5.16,0.55,5.9,98,11-02-2000 23:52,12-02-2000 12:00,13-02-2000 00:00,-133,1
12-02-2000 01:00,16.6,9.5,-10.4,-4.3,180039,13.1,543,7.43,2.33,0.61,5.9,98,11-02-2000 23:52,12-02-2000 12:00,13-02-2000 00:00,-133,1
14-02-2000 07:00,8,1.8,-6.2,-2.2,189892,4.2,600,2.96,1.32,0.87,7.7,99,14-02-2000 07:31,14-02-2000 12:00,16-02-2000 08:00,-67,1
14-02-2000 08:00,9.6,2.6,0.7,-1,309045,6.3,638,5.12,0.64,1.24,8.3,99,14-02-2000 07:31,14-02-2000 12:00,16-02-2000 08:00,-67,1
14-02-2000 09:00,8.7,3.5,1.7,-2.3,362487,6.3,650,5.17,1.49,1.7,9.4,99,14-02-2000 07:31,14-02-2000 12:00,16-02-2000 08:00,-67,1
20-02-2000 21:00,7.6,-0.3,7,1.3,35175,5.9,323,1.18,-0.42,0.69,5.2,100,20-02-2000 21:39,21-02-2000 05:00,22-02-2000 12:00,-26,0
20-02-2000 22:00,16.2,-3.6,11.3,5.5,114546,17.2,408,5.62,-2.24,0.66,5.2,100,20-02-2000 21:39,21-02-2000 05:00,22-02-2000 12:00,-26,0
20-02-2000 23:00,16.5,-3.4,12.7,3.8,162821,16.5,432,6.21,-1.64,0.73,5.3,100,20-02-2000 21:39,21-02-2000 05:00,22-02-2000 12:00,-26,0
01-03-2000 01:00,3.7,1.2,2.6,1.2,112378,2.4,506,1.14,-0.61,1.76,10.6,101,01-03-2000 01:30,01-03-2000 03:00,02-03-2000 03:00,-43,0
01-03-2000 02:00,4.3,1.9,2.4,2.8,97770,6.4,511,3.13,-1.43,3.26,15,101,01-03-2000 01:30,01-03-2000 03:00,02-03-2000 03:00,-43,0
01-03-2000 03:00,6.4,2.3,2.6,3.2,93285,9.3,519,4.74,-1.66,2.09,12.4,101,01-03-2000 01:30,01-03-2000 03:00,02-03-2000 03:00,-43,0
18-03-2000 22:00,6.8,-4.6,3.5,1.8,163391,8.9,360,2.05,-0.65,2.34,7.9,102,18-03-2000 22:00,19-03-2000 02:00,19-03-2000 12:00,-3,0
18-03-2000 23:00,8.2,-2.6,6.6,-0.4,145551,7.5,367,1.88,0.15,1.27,6.1,102,18-03-2000 22:00,19-03-2000 02:00,19-03-2000 12:00,-3,0
19-03-2000 00:00,9.6,-3.3,8.4,2.3,132362,7,372,1.74,-0.86,0.82,5.1,102,18-03-2000 22:00,19-03-2000 02:00,19-03-2000 12:00,-3,0
29-03-2000 11:00,9.5,-0.6,7.8,4.1,179233,0.5,543,0.27,-2.23,0.07,2,103,29-03-2000 11:00,29-03-2000 19:00,01-04-2000 00:00,-60,1
29-03-2000 12:00,8.9,0.9,5,7.3,202400,0.6,592,0.42,-4.32,0.1,2.6,103,29-03-2000 11:00,29-03-2000 19:00,01-04-2000 00:00,-60,1
29-03-2000 13:00,9.1,-0.1,6,6.6,183761,0.7,559,0.44,-3.69,0.11,2.6,103,29-03-2000 11:00,29-03-2000 19:00,01-04-2000 00:00,-60,1
06-04-2000 16:00,7,3,-5.7,-2.2,29823,6,367,1.62,0.81,0.81,6.4,104,06-04-2000 16:39,07-04-2000 06:00,08-04-2000 06:00,-288,1
06-04-2000 17:00,22.3,4.1,-11.7,-15.3,335102,12.5,565,8.56,8.64,0.48,4.5,104,06-04-2000 16:39,07-04-2000 06:00,08-04-2000 06:00,-288,1
06-04-2000 18:00,24.3,2.5,1.5,-23.4,248744,12.1,590,9.68,13.81,0.32,4.2,104,06-04-2000 16:39,07-04-2000 06:00,08-04-2000 06:00,-288,1
18-04-2000 20:00,6.2,-0.5,3.2,4.6,33639,9.6,423,3.2,-1.95,1.68,10.6,105,18-04-2000 20:00,18-04-2000 20:00,19-04-2000 14:00,-14,0
18-04-2000 21:00,9,-4,7.8,1.3,16217,4.3,423,1.35,-0.55,0.32,4.9,105,18-04-2000 20:00,18-04-2000 20:00,19-04-2000 14:00,-14,0
18-04-2000 22:00,10.5,-4.8,8.3,3.9,19754,3.6,436,1.22,-1.7,0.2,3.9,105,18-04-2000 20:00,18-04-2000 20:00,19-04-2000 14:00,-14,0
24-04-2000 04:00,9.8,-3,4.1,1.8,72011,8.3,434,3.5,-0.78,0.72,6.4,106,24-04-2000 04:00,24-04-2000 04:00,24-04-2000 13:00,-61,1
24-04-2000 05:00,14.7,7.6,10.1,-7.2,27449,3.3,485,1.64,3.49,0.1,3,106,24-04-2000 04:00,24-04-2000 04:00,24-04-2000 13:00,-61,1
24-04-2000 06:00,13.4,7,10.2,-4.4,36256,3.9,483,1.92,2.13,0.15,3.6,106,24-04-2000 04:00,24-04-2000 04:00,24-04-2000 13:00,-61,1
02-05-2000 10:00,14.8,4.1,-7.1,-11.7,510014,0.6,605,0.44,7.08,0.07,1.6,107,02-05-2000 10:45,02-05-2000 20:00,05-05-2000 10:00,-37,0
02-05-2000 11:00,14.3,-3.7,-8.2,0.5,663246,0.8,762,0.93,-0.38,0.13,2.4,107,02-05-2000 10:45,02-05-2000 20:00,05-05-2000 10:00,-37,0
02-05-2000 12:00,13.9,-7.5,-6.4,7.6,638241,1.2,812,1.58,-6.17,0.2,3.2,107,02-05-2000 10:45,02-05-2000 20:00,05-05-2000 10:00,-37,0
07-05-2000 00:00,5.5,-1.4,-4.4,-2.3,48102,6.8,423,2.41,0.97,1.65,10,108,07-05-2000 00:00,07-05-2000 00:00,08-05-2000 00:00,-10,0
07-05-2000 01:00,5.3,-2.5,-3.6,-2.6,48617,7,420,2.47,1.09,1.83,10.5,108,07-05-2000 00:00,07-05-2000 00:00,08-05-2000 00:00,-10,0
07-05-2000 02:00,5.6,-2.2,-4.8,-1.8,38424,7.5,419,2.62,0.75,1.66,10.2,108,07-05-2000 00:00,07-05-2000 00:00,08-05-2000 00:00,-10,0
13-05-2000 17:00,11,2.9,6.4,0.9,118845,8.1,566,4.85,-0.51,0.69,7.3,109,13-05-2000 17:00,13-05-2000 17:00,14-05-2000 18:00,-2,0
13-05-2000 18:00,10,8.9,3.6,-1.1,57584,7.2,599,4.87,0.66,0.56,8,109,13-05-2000 17:00,13-05-2000 17:00,14-05-2000 18:00,-2,0
13-05-2000 19:00,10,8.9,3.4,-1.4,59463,6.8,588,4.41,0.82,0.53,7.7,109,13-05-2000 17:00,13-05-2000 17:00,14-05-2000 18:00,-2,0
15-05-2000 19:00,7.3,-3.1,6,1,23433,4.7,408,1.54,-0.41,0.56,6.1,110,15-05-2000 19:00,15-05-2000 19:00,16-05-2000 14:00,-32,0
15-05-2000 20:00,7.5,-1.6,6.2,3.7,14830,5.4,420,1.93,-1.55,0.57,6.5,110,15-05-2000 19:00,15-05-2000 19:00,16-05-2000 14:00,-32,0
15-05-2000 21:00,7.2,-2.3,6.2,-1.3,14915,5.1,406,1.7,0.53,0.59,6.4,110,15-05-2000 19:00,15-05-2000 19:00,16-05-2000 14:00,-32,0
16-05-2000 23:00,9.5,-5.9,3.3,3,142677,4.5,514,2.36,-1.54,0.56,5.7,111,16-05-2000 23:00,16-05-2000 23:00,17-05-2000 07:00,-92,1
17-05-2000 00:00,10.5,5.6,-2,-7.6,103954,5.5,579,3.42,4.4,0.48,6.5,111,16-05-2000 23:00,16-05-2000 23:00,17-05-2000 07:00,-92,1
17-05-2000 01:00,10.4,3.6,0,-9.4,54660,7.2,567,4.48,5.33,0.51,7.3,111,16-05-2000 23:00,16-05-2000 23:00,17-05-2000 07:00,-92,1
22-05-2000 17:00,7.2,-5.5,4.5,0.9,175938,1.7,447,0.7,-0.4,0.42,4,112,22-05-2000 17:00,23-05-2000 09:00,23-05-2000 21:00,-10,0
22-05-2000 18:00,10.8,-7.4,4.6,5.9,87769,1.7,502,0.88,-2.96,0.13,3,112,22-05-2000 17:00,23-05-2000 09:00,23-05-2000 21:00,-10,0
22-05-2000 19:00,10.6,0,9.3,3.7,146339,2.6,526,1.41,-1.95,0.26,4,112,22-05-2000 17:00,23-05-2000 09:00,23-05-2000 21:00,-10,0
23-05-2000 23:00,12.8,-2.8,-8.9,-6.8,147840,15.5,586,13.19,3.98,1.09,9,113,23-05-2000 23:42,24-05-2000 12:00,27-05-2000 10:00,-147,1
24-05-2000 00:00,24.1,-8.7,-18.5,8.8,142296,18.4,631,17.52,-5.55,0.36,5.6,113,23-05-2000 23:42,24-05-2000 12:00,27-05-2000 10:00,-147,1
24-05-2000 01:00,32,2.1,12.6,11.7,145775,22.1,632,21.11,-7.39,0.25,4.6,113,23-05-2000 23:42,24-05-2000 12:00,27-05-2000 10:00,-147,1
04-06-2000 15:00,9.2,2.1,-2,8.3,144561,3.4,488,1.53,-4.05,0.46,4.9,114,04-06-2000 15:02,04-06-2000 22:00,06-06-2000 22:00,-35,0
04-06-2000 16:00,12.8,3.2,-0.9,11.5,246656,3.3,533,1.78,-6.13,0.31,3.8,114,04-06-2000 15:02,04-06-2000 22:00,06-06-2000 22:00,-35,0
04-06-2000 17:00,10.8,7.4,-3.3,4.9,372218,4,507,2.16,-2.48,0.71,4.7,114,04-06-2000 15:02,04-06-2000 22:00,06-06-2000 22:00,-35,0
08-06-2000 09:00,14.4,-2.2,9.1,-1.7,547558,7.7,661,6.49,1.12,1.04,6.4,115,08-06-2000 09:10,08-06-2000 12:00,10-06-2000 17:00,-90,1
08-06-2000 10:00,19.1,-4.4,16,2.2,887701,10.5,768,12.08,-1.69,1.22,6.5,115,08-06-2000 09:10,08-06-2000 12:00,10-06-2000 17:00,-90,1
08-06-2000 11:00,16.1,-3,12.1,4.1,854979,10.5,769,12.61,-3.15,1.66,7.7,115,08-06-2000 09:10,08-06-2000 12:00,10-06-2000 17:00,-90,1
11-06-2000 08:00,8,-4.9,5.3,-1.8,36932,5.3,499,2.49,0.9,0.57,7.2,116,11-06-2000 08:01,11-06-2000 09:00,11-06-2000 18:00,-36,0
11-06-2000 09:00,9.3,-3.5,2.8,-7,15566,6.9,512,4.48,3.58,0.48,7.2,116,11-06-2000 08:01,11-06-2000 09:00,11-06-2000 18:00,-36,0
11-06-2000 10:00,10.1,-4.2,5.7,-6.9,12170,6.5,512,4.35,3.53,0.37,6.5,116,11-06-2000 08:01,11-06-2000 09:00,11-06-2000 18:00,-36,0
12-06-2000 22:00,6.7,-4.7,3.7,-0.2,351270,2.7,503,1.78,0.1,1.2,6.2,117,12-06-2000 22:08,13-06-2000 12:00,14-06-2000 06:00,-37,0
12-06-2000 23:00,8.9,-6.3,-0.1,3.2,451263,3.7,526,2.33,-1.68,1.13,5.7,117,12-06-2000 22:08,13-06-2000 12:00,14-06-2000 06:00,-37,0
13-06-2000 00:00,8,-6.9,-2.3,1.1,549840,3.8,532,2.41,-0.59,1.68,6.5,117,12-06-2000 22:08,13-06-2000 12:00,14-06-2000 06:00,-37,0
18-06-2000 09:00,4,-1,0.4,-3.5,29867,4.5,389,1.26,1.36,1.85,10.3,118,18-06-2000 09:00,18-06-2000 09:00,18-06-2000 17:00,-12,0
18-06-2000 10:00,3.9,-0.1,1.7,0.3,26487,4.8,389,1.37,-0.12,2.03,10.9,118,18-06-2000 09:00,18-06-2000 09:00,18-06-2000 17:00,-12,0
18-06-2000 11:00,4.1,1.7,2.5,2.1,25673,5,398,1.49,-0.84,1.91,10.9,118,18-06-2000 09:00,18-06-2000 09:00,18-06-2000 17:00,-12,0
23-06-2000 13:00,14.3,8.5,-6.6,-7.3,195150,10.2,466,4.93,3.4,0.67,5.2,119,23-06-2000 13:03,24-06-2000 00:00,26-06-2000 08:00,-34,0
23-06-2000 14:00,16,5,-12.7,2.8,323903,12,524,7.57,-1.47,0.88,5.7,119,23-06-2000 13:03,24-06-2000 00:00,26-06-2000 08:00,-34,0
23-06-2000 15:00,11.8,2.3,-9.3,0.6,347962,11.4,529,7.18,-0.32,1.62,7.6,119,23-06-2000 13:03,24-06-2000 00:00,26-06-2000 08:00,-34,0
26-06-2000 00:00,9.6,3.2,-6.4,1.7,21865,5.7,471,2.63,-0.8,0.39,5.9,120,26-06-2000 00:00,26-06-2000 10:00,27-06-2000 00:00,-76,1
26-06-2000 01:00,14.5,3.2,-12.5,0.8,45592,7.4,511,3.94,-0.41,0.25,4.8,120,26-06-2000 00:00,26-06-2000 10:00,27-06-2000 00:00,-76,1
26-06-2000 02:00,15.4,7,-12.5,-5,31719,5.8,479,2.62,2.4,0.16,3.7,120,26-06-2000 00:00,26-06-2000 10:00,27-06-2000 00:00,-76,1
01-07-2000 01:00,6.9,3.6,-3.1,-3.5,41685,6,372,1.67,1.3,0.89,6.6,121,01-07-2000 01:00,01-07-2000 09:00,03-07-2000 17:00,-11,0
01-07-2000 02:00,6.8,1.6,3.7,1.1,48965,8.4,391,2.33,-0.43,1.34,8.3,121,01-07-2000 01:00,01-07-2000 09:00,03-07-2000 17:00,-11,0
01-07-2000 03:00,6.6,-0.5,6.4,1.5,34503,10.8,403,3.06,-0.6,1.68,10,121,01-07-2000 01:00,01-07-2000 09:00,03-07-2000 17:00,-11,0
10-07-2000 06:00,9.8,1.8,7.6,-5.6,20785,5,401,1.61,2.25,0.32,4.6,122,10-07-2000 06:38,11-07-2000 02:00,11-07-2000 14:00,0,0
10-07-2000 07:00,18.6,3.5,15.7,-8.5,64332,8.2,471,3.64,4,0.19,3.6,122,10-07-2000 06:38,11-07-2000 02:00,11-07-2000 14:00,0,0
10-07-2000 08:00,19.1,-6.1,15.1,2.9,68227,7.7,440,2.98,-1.28,0.17,3.2,122,10-07-2000 06:38,11-07-2000 02:00,11-07-2000 14:00,0,0
11-07-2000 11:00,10.8,2.7,9.8,-3.5,17104,18.6,434,7.01,1.52,0.97,8.7,123,11-07-2000 11:23,11-07-2000 22:00,13-07-2000 03:00,-26,0
11-07-2000 12:00,16.7,-0.4,16.3,-1.7,46727,25,446,9.95,0.76,0.65,6.7,123,11-07-2000 11:23,11-07-2000 22:00,13-07-2000 03:00,-26,0
11-07-2000 13:00,19.8,4.8,18.5,-1.2,109037,23.4,458,9.82,0.55,0.59,5.6,123,11-07-2000 11:23,11-07-2000 22:00,13-07-2000 03:00,-26,0
13-07-2000 09:00,6.7,-2.3,4.5,1,205723,4.6,520,2.53,-0.52,1.42,8.3,124,13-07-2000 09:42,13-07-2000 13:00,14-07-2000 15:00,-43,0
13-07-2000 10:00,19.9,-6.9,14.8,-1.9,491624,20.2,667,18.01,1.27,1.32,7.5,124,13-07-2000 09:42,13-07-2000 13:00,14-07-2000 15:00,-43,0
13-07-2000 11:00,17.7,-8.7,9.6,1.7,435228,25.6,656,22,-1.12,1.92,9.4,124,13-07-2000 09:42,13-07-2000 13:00,14-07-2000 15:00,-43,0
14-07-2000 15:00,10.3,-4,3.4,-2.2,371385,4.9,670,4.4,1.47,0.96,7.2,125,14-07-2000 15:32,14-07-2000 17:00,15-07-2000 14:00,-57,1
14-07-2000 16:00,13,-4.2,6.1,1.7,676964,6.7,735,7.24,-1.25,1.33,7.3,125,14-07-2000 15:32,14-07-2000 17:00,15-07-2000 14:00,-57,1
14-07-2000 17:00,15.5,-2.7,3.2,-7.4,411102,16.7,767,19.65,5.68,1.56,10.1,125,14-07-2000 15:32,14-07-2000 17:00,15-07-2000 14:00,-57,1
15-07-2000 14:00,24.4,18.5,9.5,7.3,1501458,20.1,866,30.15,-6.32,2.29,8,126,15-07-2000 14:37,15-07-2000 19:00,17-07-2000 08:00,-301,1
15-07-2000 15:00,29.2,-10.2,4,-3.2,917271,18.2,858,26.8,2.75,0.93,6.3,126,15-07-2000 14:37,15-07-2000 19:00,17-07-2000 08:00,-301,1
15-07-2000 16:00,17.5,-0.4,1.5,3.3,945610,5.1,1010,10.41,-3.33,0.74,6.5,126,15-07-2000 14:37,15-07-2000 19:00,17-07-2000 08:00,-301,1
19-07-2000 15:00,6.9,3.8,-4.2,1.9,77236,5,513,2.6,-0.97,0.9,8.3,127,19-07-2000 15:27,20-07-2000 01:00,21-07-2000 08:00,-93,1
19-07-2000 16:00,12.5,5.9,-7.8,5.7,272732,5.9,605,4.36,-3.45,0.63,5.9,127,19-07-2000 15:27,20-07-2000 01:00,21-07-2000 08:00,-93,1
19-07-2000 17:00,14.4,9.3,-8.4,6.7,254319,5,597,3.52,-4,0.38,4.6,127,19-07-2000 15:27,20-07-2000 01:00,21-07-2000 08:00,-93,1
23-07-2000 10:00,7.7,-0.6,-6.7,3.4,36601,8.8,432,3.28,-1.47,1.02,8.3,128,23-07-2000 10:41,23-07-2000 15:00,26-07-2000 05:00,-68,1
23-07-2000 11:00,8,-2.2,-7.3,1.5,50243,9.1,419,3.2,-0.63,1.06,7.9,128,23-07-2000 10:41,23-07-2000 15:00,26-07-2000 05:00,-68,1
23-07-2000 12:00,8.2,-3.8,-7.1,-0.8,57299,9.2,419,3.23,0.34,1.06,7.7,128,23-07-2000 10:41,23-07-2000 15:00,26-07-2000 05:00,-68,1
26-07-2000 18:00,4.9,-0.3,2.1,-4.4,33233,12,357,2.82,1.57,3.36,12.6,129,26-07-2000 18:57,27-07-2000 02:00,28-07-2000 02:00,-42,0
26-07-2000 19:00,8.5,-0.8,4,-7.2,54777,22.5,385,6.22,2.77,2.37,10.7,129,26-07-2000 18:57,27-07-2000 02:00,28-07-2000 02:00,-42,0
26-07-2000 20:00,9.5,1.1,1.4,-0.3,108476,22,396,6.71,0.12,2.4,9.8,129,26-07-2000 18:57,27-07-2000 02:00,28-07-2000 02:00,-42,0
28-07-2000 06:00,11.3,2.5,6.7,-8.1,49236,8.5,366,2.43,2.96,0.49,4.7,130,28-07-2000 06:34,28-07-2000 12:00,30-07-2000 13:00,-71,1
28-07-2000 07:00,19.3,2.7,17.6,-6.6,117637,14.2,424,5.61,2.8,0.39,4.1,130,28-07-2000 06:34,28-07-2000 12:00,30-07-2000 13:00,-71,1
28-07-2000 08:00,18.4,5.8,15.6,-0.7,108097,16.4,407,5.66,0.28,0.48,4.5,130,28-07-2000 06:34,28-07-2000 12:00,30-07-2000 13:00,-71,1
10-08-2000 05:00,10.7,-5.5,6.8,-4.8,75954,9.9,389,2.71,1.87,0.73,5.7,131,10-08-2000 05:01,10-08-2000 19:00,11-08-2000 21:00,-106,1
10-08-2000 06:00,12.8,-3.7,6.6,-8,77390,13.1,421,4.11,3.37,0.68,6,131,10-08-2000 05:01,10-08-2000 19:00,11-08-2000 21:00,-106,1
10-08-2000 07:00,12.4,-2.8,9.4,-2.8,152372,12.6,442,4.42,1.24,0.96,6.3,131,10-08-2000 05:01,10-08-2000 19:00,11-08-2000 21:00,-106,1
11-08-2000 18:00,9.7,-2.5,8.4,-3.7,49245,2.1,419,0.74,1.55,0.16,3.1,132,11-08-2000 18:45,12-08-2000 05:00,13-08-2000 22:00,-235,1
11-08-2000 19:00,19.2,-2.5,16.7,-6,255827,3.5,516,1.86,3.1,0.15,2.5,132,11-08-2000 18:45,12-08-2000 05:00,13-08-2000 22:00,-235,1
11-08-2000 20:00,19.7,0.8,18.1,-3.1,298321,3.1,516,1.65,1.6,0.14,2.3,132,11-08-2000 18:45,12-08-2000 05:00,13-08-2000 22:00,-235,1
02-09-2000 22:00,9.1,-6,3.5,3.7,52526,7.7,435,2.7,-1.61,0.7,6.6,133,02-09-2000 22:00,02-09-2000 22:00,03-09-2000 13:00,-20,0
02-09-2000 23:00,10.6,-5.5,-2,8.8,12562,7.9,447,3.24,-3.93,0.41,5.9,133,02-09-2000 22:00,02-09-2000 22:00,03-09-2000 13:00,-20,0
03-09-2000 00:00,10.2,-5.1,-3.5,8.1,11488,5.4,447,2.28,-3.62,0.3,5.1,133,02-09-2000 22:00,02-09-2000 22:00,03-09-2000 13:00,-20,0
08-09-2000 12:00,8.9,-0.6,7.2,-4.7,168346,2.3,451,0.88,2.12,0.36,3.8,134,08-09-2000 12:00,08-09-2000 12:00,10-09-2000 10:00,-48,0
08-09-2000 13:00,8.8,2.7,6.3,-4.7,95222,2.5,493,1.11,2.32,0.3,4.4,134,08-09-2000 12:00,08-09-2000 12:00,10-09-2000 10:00,-48,0
08-09-2000 14:00,7.3,-1.7,4,-1.9,117382,4.3,503,2,0.96,0.82,7.1,134,08-09-2000 12:00,08-09-2000 12:00,10-09-2000 10:00,-48,0
17-09-2000 16:00,16.9,5.6,-6.9,6.8,170286,12.5,601,8.78,-4.09,0.54,6.3,135,17-09-2000 16:57,17-09-2000 21:00,21-09-2000 00:00,-201,1
17-09-2000 17:00,25.3,8.5,-6.9,19.1,381364,12.2,666,10.7,-12.72,0.4,4.6,135,17-09-2000 16:57,17-09-2000 21:00,21-09-2000 00:00,-201,1
17-09-2000 18:00,30,10.5,-2,23.7,623526,11.5,687,11.28,-16.28,0.4,3.9,135,17-09-2000 16:57,17-09-2000 21:00,21-09-2000 00:00,-201,1
03-10-2000 00:00,5.5,-2.2,2.7,-2.9,85190,5.9,395,1.9,1.15,1.73,8.7,136,03-10-2000 00:54,03-10-2000 10:00,05-10-2000 03:00,-143,1
03-10-2000 01:00,9.4,-2.8,4.8,-5.6,149247,12.2,438,5.08,2.45,1.59,8.1,136,03-10-2000 00:54,03-10-2000 10:00,05-10-2000 03:00,-143,1
03-10-2000 02:00,11.4,-4,7.1,-5.8,116441,12.3,450,5.07,2.61,0.96,6.9,136,03-10-2000 00:54,03-10-2000 10:00,05-10-2000 03:00,-143,1
05-10-2000 03:00,11.9,-1.8,-5.1,-10.4,52161,9.9,403,3.78,4.19,0.53,5.3,137,05-10-2000 03:26,05-10-2000 13:00,07-10-2000 11:00,-182,1
05-10-2000 04:00,23.5,-6.4,-13,-18.2,84893,15.4,464,7.97,8.44,0.25,3.9,137,05-10-2000 03:26,05-10-2000 13:00,07-10-2000 11:00,-182,1
05-10-2000 05:00,26.3,-5.9,-14.8,-20.2,95899,13.6,474,6.86,9.57,0.18,3.3,137,05-10-2000 03:26,05-10-2000 13:00,07-10-2000 11:00,-182,1
12-10-2000 22:00,10.4,-0.9,8.8,4.8,94936,13.5,368,3.49,-1.77,1.16,6.5,138,12-10-2000 22:28,13-10-2000 16:00,14-10-2000 17:00,-107,1
12-10-2000 23:00,18.4,-3.5,15.6,4.9,119863,10.2,455,4.09,-2.23,0.31,3.9,138,12-10-2000 22:28,13-10-2000 16:00,14-10-2000 17:00,-107,1
13-10-2000 00:00,20.5,-4.7,12.3,-14.3,110365,10.5,454,4.37,6.49,0.25,3.6,138,12-10-2000 22:28,13-10-2000 16:00,14-10-2000 17:00,-107,1
28-10-2000 09:00,6,-3.5,4.5,-1,111283,8.4,372,2.18,0.37,2.33,9,139,28-10-2000 09:54,28-10-2000 21:00,29-10-2000 22:00,-127,1
28-10-2000 10:00,12,-2.6,8.6,-7.5,97550,26.1,415,8.44,3.11,1.7,8.8,139,28-10-2000 09:54,28-10-2000 21:00,29-10-2000 22:00,-127,1
28-10-2000 11:00,10.7,-2.6,8.1,-5.9,63718,34.1,411,10.43,2.42,2.38,11.2,139,28-10-2000 09:54,28-10-2000 21:00,29-10-2000 22:00,-127,1
06-11-2000 09:00,5.6,-1.9,2.2,-2.3,91904,2,479,0.89,1.1,0.58,6,140,06-11-2000 09:48,06-11-2000 17:00,08-11-2000 03:00,-159,1
06-11-2000 10:00,10.4,0.4,2.6,-8.4,342487,4.8,592,3.82,4.97,0.87,6.2,140,06-11-2000 09:48,06-11-2000 17:00,08-11-2000 03:00,-159,1
06-11-2000 11:00,8.7,-1.6,-0.7,1.4,437327,5.2,594,3.66,-0.83,1.62,7.8,140,06-11-2000 09:48,06-11-2000 17:00,08-11-2000 03:00,-159,1
08-11-2000 12:00,9,1.2,-4.9,1.9,56898,22.9,469,9.96,-0.89,2.18,12.5,141,08-11-2000 12:00,08-11-2000 13:00,09-11-2000 15:00,-36,0
08-11-2000 13:00,7.6,5.6,-0.1,5,103279,9.6,473,4.56,-2.37,1.6,9.6,141,08-11-2000 12:00,08-11-2000 13:00,09-11-2000 15:00,-36,0
08-11-2000 14:00,3.8,3.6,0.3,0.5,55217,5,503,2.81,-0.25,2.64,14.8,141,08-11-2000 12:00,08-11-2000 13:00,09-11-2000 15:00,-36,0
11-11-2000 04:00,7.3,4.7,-2.6,3,333145,1.5,812,2.23,-2.44,0.54,6.8,142,11-11-2000 04:00,11-11-2000 08:00,12-11-2000 00:00,-37,0
11-11-2000 05:00,10.3,3.5,-5.7,4.5,562655,2.1,894,3.36,-4.02,0.57,6.3,142,11-11-2000 04:00,11-11-2000 08:00,12-11-2000 00:00,-37,0
11-11-2000 06:00,9.4,1.6,-5.8,5.3,537476,2.2,905,3.36,-4.8,0.69,7.1,142,11-11-2000 04:00,11-11-2000 08:00,12-11-2000 00:00,-37,0
26-11-2000 11:00,8.5,2.3,6.7,3.8,202893,6.3,471,2.71,-1.79,1.2,7,143,26-11-2000 11:58,27-11-2000 08:00,28-11-2000 03:00,-80,1
26-11-2000 12:00,11.8,2.2,2,6.9,434033,13.1,553,8.22,-3.82,2.2,8.5,143,26-11-2000 11:58,27-11-2000 08:00,28-11-2000 03:00,-80,1
26-11-2000 13:00,14.9,8.6,-7,6.5,594388,15,624,11.68,-4.06,2.03,8.1,143,26-11-2000 11:58,27-11-2000 08:00,28-11-2000 03:00,-80,1
28-11-2000 05:00,8.2,5.2,4.6,-3.8,88451,7,537,4.33,2.04,0.94,8.7,144,28-11-2000 05:30,28-11-2000 11:00,29-11-2000 22:00,-119,1
28-11-2000 06:00,12.1,6.7,3.6,-6.4,106770,12.4,566,8.65,3.62,0.83,8.2,144,28-11-2000 05:30,28-11-2000 11:00,29-11-2000 22:00,-119,1
28-11-2000 07:00,11.9,7.4,4.4,-7.4,107780,11.7,557,8.46,4.12,0.81,8,144,28-11-2000 05:30,28-11-2000 11:00,29-11-2000 22:00,-119,1
21-12-2000 12:00,5.1,-2.9,1.2,2.6,,,303,,-0.79,,,145,21-12-2000 12:00,22-12-2000 03:00,22-12-2000 20:00,-1,0
21-12-2000 13:00,5.6,-4.5,1.4,-0.4,,,316,,0.13,,,145,21-12-2000 12:00,22-12-2000 03:00,22-12-2000 20:00,-1,0
21-12-2000 14:00,6,-5.5,-0.3,-0.8,,,307,,0.25,,,145,21-12-2000 12:00,22-12-2000 03:00,22-12-2000 20:00,-1,0
22-12-2000 19:00,3.4,-2,-2.2,-0.1,,,284,,0.03,,,146,22-12-2000 19:25,23-12-2000 00:00,23-12-2000 12:00,-62,1
22-12-2000 20:00,5.7,0.1,1.5,-4.3,,,307,,1.32,,,146,22-12-2000 19:25,23-12-2000 00:00,23-12-2000 12:00,-62,1
22-12-2000 21:00,10.5,1.1,5.9,-8,28104,23,316,3.99,2.53,1.36,7.2,146,22-12-2000 19:25,23-12-2000 00:00,23-12-2000 12:00,-62,1
23-01-2001 10:00,4.1,3.8,0.5,1.1,83464,2.4,412,0.79,-0.45,1.26,7.8,147,23-01-2001 10:48,24-01-2001 09:00,26-01-2001 07:00,-61,1
23-01-2001 11:00,8.7,0.9,4.4,5,313029,8.8,530,5,-2.65,2.13,9,147,23-01-2001 10:48,24-01-2001 09:00,26-01-2001 07:00,-61,1
23-01-2001 12:00,11.5,-0.4,7.1,8.1,235170,9,549,5.67,-4.45,1.03,7.2,147,23-01-2001 10:48,24-01-2001 09:00,26-01-2001 07:00,-61,1
03-03-2001 11:00,6.6,-1.8,3.9,-3.4,112734,5.3,477,2.46,1.62,1.22,8.3,148,03-03-2001 11:21,04-03-2001 04:00,05-03-2001 02:00,-73,1
03-03-2001 12:00,8.2,-1.5,5.1,-2.8,152332,6.7,500,3.42,1.4,1.16,7.9,148,03-03-2001 11:21,04-03-2001 04:00,05-03-2001 02:00,-73,1
03-03-2001 13:00,8.5,2.9,5.2,2.3,192683,7,509,3.6,-1.17,1.29,7.9,148,03-03-2001 11:21,04-03-2001 04:00,05-03-2001 02:00,-73,1
19-03-2001 11:00,10,5.3,-6.7,1.8,129731,17.4,355,4.32,-0.64,1.87,7.4,149,19-03-2001 11:14,19-03-2001 17:00,22-03-2001 00:00,-149,1
19-03-2001 12:00,13.7,0.6,-9.5,-7.5,130585,14.1,394,4.55,2.96,0.81,5.4,149,19-03-2001 11:14,19-03-2001 17:00,22-03-2001 00:00,-149,1
19-03-2001 13:00,16.6,5.4,-9.3,-1.6,102342,13.1,398,4.63,0.64,0.46,4.3,149,19-03-2001 11:14,19-03-2001 17:00,22-03-2001 00:00,-149,1
27-03-2001 01:00,4.5,2.5,-2.2,-2.5,63119,6.3,369,1.65,0.92,2.48,10.3,150,27-03-2001 01:10,27-03-2001 20:00,28-03-2001 17:00,-87,1
27-03-2001 02:00,10.5,-5.7,-0.1,2.1,146868,18,402,5.64,-0.84,1.87,8.1,150,27-03-2001 01:10,27-03-2001 20:00,28-03-2001 17:00,-87,1
27-03-2001 03:00,12.5,-7.1,4.7,0.2,165808,19.1,406,6.16,-0.08,1.5,7.1,150,27-03-2001 01:10,27-03-2001 20:00,28-03-2001 17:00,-87,1
27-03-2001 17:00,10.9,-5.9,8,2.9,171364,6.6,427,2.3,-1.24,0.69,5,151,27-03-2001 17:47,28-03-2001 17:00,30-03-2001 18:00,-51,1
27-03-2001 18:00,22,-13.9,5.6,14.7,358512,11.4,508,5.54,-7.47,0.48,3.9,151,27-03-2001 17:47,28-03-2001 17:00,30-03-2001 18:00,-51,1
27-03-2001 19:00,25.1,-8.3,18.5,3.9,245127,13.6,548,7.83,-2.14,0.34,4,151,27-03-2001 17:47,28-03-2001 17:00,30-03-2001 18:00,-51,1
31-03-2001 00:00,7.4,5.5,2.8,-3.2,56908,26,424,10.68,1.36,3.66,14.6,152,31-03-2001 00:52,31-03-2001 05:00,31-03-2001 22:00,-387,1
31-03-2001 01:00,48.2,-27.5,8.5,26,215812,29.6,562,21.86,-14.61,0.18,3.2,152,31-03-2001 00:52,31-03-2001 05:00,31-03-2001 22:00,-387,1
31-03-2001 02:00,47.1,-14.5,34.3,17,659288,11.5,639,9.88,-10.86,0.17,2.3,152,31-03-2001 00:52,31-03-2001 05:00,31-03-2001 22:00,-387,1
31-03-2001 22:00,27.2,-12.1,4.2,4.5,139196,5,655,5.55,-2.95,0.08,2.7,153,31-03-2001 22:00,01-04-2001 04:00,03-04-2001 15:00,,0
31-03-2001 23:00,23,-5,16.6,9.9,195126,8.3,723,11.3,-7.16,0.21,4.5,153,31-03-2001 22:00,01-04-2001 04:00,03-04-2001 15:00,,0
01-04-2001 00:00,15.2,-9.3,5.3,10.1,288900,3.1,766,4.69,-7.74,0.23,4.4,153,31-03-2001 22:00,01-04-2001 04:00,03-04-2001 15:00,,0
04-04-2001 14:00,7.4,-4.3,3.3,3.2,85952,3.6,486,1.63,-1.56,0.59,6.2,154,04-04-2001 14:55,04-04-2001 18:00,05-04-2001 12:00,-50,1
04-04-2001 15:00,16.7,-1.6,13.1,5.3,637636,6.8,634,5.11,-3.36,0.78,4.9,154,04-04-2001 14:55,04-04-2001 18:00,05-04-2001 12:00,-50,1
04-04-2001 16:00,16.4,2.7,12.9,1.5,1030219,5.9,709,5.49,-1.06,1.06,5.3,154,04-04-2001 14:55,04-04-2001 18:00,05-04-2001 12:00,-50,1
08-04-2001 11:00,12.1,-2.3,7.4,3.3,384664,10.5,612,8.07,-2.02,1.53,8.2,155,08-04-2001 11:01,08-04-2001 14:00,09-04-2001 04:00,-59,1
08-04-2001 12:00,11.2,0.9,-1.3,4.4,454994,12,641,10.47,-2.82,2.32,9.9,155,08-04-2001 11:01,08-04-2001 14:00,09-04-2001 04:00,-59,1
08-04-2001 13:00,15.2,4.2,-8,-5.8,580644,6.6,653,6,3.79,0.84,5.5,155,08-04-2001 11:01,08-04-2001 14:00,09-04-2001 04:00,-59,1
11-04-2001 13:00,6.5,5.6,-0.5,-1.7,197725,2.8,509,1.38,0.87,0.9,6.6,156,11-04-2001 13:43,11-04-2001 22:00,13-04-2001 07:00,-271,1
11-04-2001 14:00,12.2,9.8,-5.2,-0.8,441155,7.6,590,5.16,0.47,1.21,6.7,156,11-04-2001 13:43,11-04-2001 22:00,13-04-2001 07:00,-271,1
11-04-2001 15:00,13.5,10.7,-2.5,-6.2,557412,9,612,5.97,3.79,1.41,6.8,156,11-04-2001 13:43,11-04-2001 22:00,13-04-2001 07:00,-271,1
13-04-2001 07:00,6.8,4.8,-2,0.9,235070,1.2,633,1.75,-0.57,0.39,5.1,157,13-04-2001 07:34,13-04-2001 09:00,14-04-2001 12:00,-77,1
13-04-2001 08:00,10.9,4.2,-6.5,3.6,601642,2,761,4.29,-2.74,0.51,4.9,157,13-04-2001 07:34,13-04-2001 09:00,14-04-2001 12:00,-77,1
13-04-2001 09:00,12.1,3.4,-6.4,1.7,627525,3.6,821,5.06,-1.4,0.77,6.4,157,13-04-2001 07:34,13-04-2001 09:00,14-04-2001 12:00,-77,1
15-04-2001 17:00,2.4,1.5,0.1,-0.5,185340,1.9,504,0.91,0.25,4.3,14.5,158,15-04-2001 17:00,15-04-2001 17:00,16-04-2001 01:00,-36,0
15-04-2001 18:00,2.9,-0.1,-2.2,-1.6,69231,2.2,508,1.02,0.81,2.15,13,158,15-04-2001 17:00,15-04-2001 17:00,16-04-2001 01:00,-36,0
15-04-2001 19:00,3.8,-0.3,-3.1,-2,34202,1.9,497,0.83,0.99,0.89,9,158,15-04-2001 17:00,15-04-2001 17:00,16-04-2001 01:00,-36,0
18-04-2001 00:00,4.7,2.8,-1,-1.8,78419,4.9,360,1.31,0.65,1.91,8.5,159,18-04-2001 00:46,18-04-2001 12:00,20-04-2001 11:00,-114,1
18-04-2001 01:00,17.9,5.1,-12,-6.7,225259,20.2,481,8.87,3.22,0.93,6,159,18-04-2001 00:46,18-04-2001 12:00,20-04-2001 11:00,-114,1
18-04-2001 02:00,21.8,6.6,-12.7,-15.7,268993,18.1,484,7.87,7.6,0.63,4.7,159,18-04-2001 00:46,18-04-2001 12:00,20-04-2001 11:00,-114,1
21-04-2001 16:00,5.7,0.5,-5.1,-0.3,55740,14.5,388,4.04,0.12,3.42,13,160,21-04-2001 16:01,21-04-2001 23:00,23-04-2001 03:00,-102,1
21-04-2001 17:00,5.5,2.3,-4.6,0.8,71542,22.1,389,6.12,-0.31,6.08,16.6,160,21-04-2001 16:01,21-04-2001 23:00,23-04-2001 03:00,-102,1
21-04-2001 18:00,7.1,1.1,-6.8,0.3,51847,18.6,387,4.84,-0.12,2.77,11.8,160,21-04-2001 16:01,21-04-2001 23:00,23-04-2001 03:00,-102,1
28-04-2001 05:00,19.1,-2.9,14.1,9.5,483843,7,660,6.15,-6.27,0.49,4.6,161,28-04-2001 05:01,28-04-2001 14:00,01-05-2001 02:00,-47,0
28-04-2001 06:00,18.2,-1.2,2,6.7,733294,8.6,724,9.18,-4.85,0.93,5.8,161,28-04-2001 05:01,28-04-2001 14:00,01-05-2001 02:00,-47,0
28-04-2001 07:00,13.2,-3.9,-1.8,7,775274,9.1,706,8.73,-4.94,1.96,8.1,161,28-04-2001 05:01,28-04-2001 14:00,01-05-2001 02:00,-47,0
03-05-2001 11:00,7.5,-3.2,6.1,0.8,19678,9.2,369,2.46,-0.3,1.01,7.5,162,03-05-2001 11:00,03-05-2001 11:00,04-05-2001 10:00,-2,0
03-05-2001 12:00,7.8,-4,6.5,0.8,15746,8.5,366,2.19,-0.29,0.84,6.8,162,03-05-2001 11:00,03-05-2001 11:00,04-05-2001 10:00,-2,0
03-05-2001 13:00,7.8,-3.2,7.1,0.2,14243,9.1,368,2.39,-0.07,0.89,7.1,162,03-05-2001 11:00,03-05-2001 11:00,04-05-2001 10:00,-2,0
07-05-2001 08:00,6.3,2,-2.5,-4.7,156620,5.3,393,1.61,1.85,1.58,7.2,163,07-05-2001 08:00,07-05-2001 19:00,08-05-2001 07:00,-25,0
07-05-2001 09:00,6,2.5,-2.9,-0.7,181669,5.3,395,1.67,0.28,1.9,7.6,163,07-05-2001 08:00,07-05-2001 19:00,08-05-2001 07:00,-25,0
07-05-2001 10:00,6.2,5.2,-2.8,0.5,171489,7.3,406,2.22,-0.2,2.37,8.8,163,07-05-2001 08:00,07-05-2001 19:00,08-05-2001 07:00,-25,0
08-05-2001 11:00,12,4.6,-6.6,-6.9,111750,6.6,399,2.91,2.75,0.46,4.3,164,08-05-2001 11:01,09-05-2001 12:00,10-05-2001 22:00,-76,1
08-05-2001 12:00,13,8.7,-9.3,-0.7,99699,3.7,399,1.53,0.28,0.21,3,164,08-05-2001 11:01,09-05-2001 12:00,10-05-2001 22:00,-76,1
08-05-2001 13:00,12.2,8.5,-8,-3.3,90914,2.5,393,0.88,1.3,0.15,2.5,164,08-05-2001 11:01,09-05-2001 12:00,10-05-2001 22:00,-76,1
11-05-2001 13:00,7.2,5.2,-4.6,-2.3,62231,1.5,420,0.46,0.97,0.23,3.6,165,11-05-2001 13:00,11-05-2001 13:00,12-05-2001 00:00,-48,0
11-05-2001 14:00,7.4,5.3,-4.6,-2.3,18751,1.6,426,0.5,0.98,0.18,3.6,165,11-05-2001 13:00,11-05-2001 13:00,12-05-2001 00:00,-48,0
11-05-2001 15:00,7.5,4.8,-4.9,-2.9,13985,1.7,434,0.64,1.26,0.18,3.8,165,11-05-2001 13:00,11-05-2001 13:00,12-05-2001 00:00,-48,0
27-05-2001 14:00,4.7,0.3,4.1,-0.3,112469,1.8,453,0.7,0.14,0.82,6.5,166,27-05-2001 14:59,28-05-2001 03:00,31-05-2001 14:00,-42,0
27-05-2001 15:00,10.8,0.2,7,1.8,226319,2.5,538,1.35,-0.97,0.32,3.9,166,27-05-2001 14:59,28-05-2001 03:00,31-05-2001 14:00,-42,0
27-05-2001 16:00,13.9,0.7,11.1,8,339717,1.7,587,1.12,-4.7,0.17,2.8,166,27-05-2001 14:59,28-05-2001 03:00,31-05-2001 14:00,-42,0
07-06-2001 08:00,7.3,5.2,-4.5,-2,43229,5.3,377,1.37,0.75,0.71,5.9,167,07-06-2001 08:52,07-06-2001 18:00,08-06-2001 07:00,-8,0
07-06-2001 09:00,7.4,5.2,-5,-0.6,41267,5.3,378,1.36,0.23,0.68,5.9,167,07-06-2001 08:52,07-06-2001 18:00,08-06-2001 07:00,-8,0
07-06-2001 10:00,9.4,5.2,-6.9,-0.8,79592,8.3,413,2.53,0.33,0.81,6.3,167,07-06-2001 08:52,07-06-2001 18:00,08-06-2001 07:00,-8,0
27-06-2001 03:00,4.6,-0.5,-2,-3.6,131796,3,461,1.19,1.66,1.53,8.7,168,27-06-2001 03:00,27-06-2001 03:00,28-06-2001 17:00,-18,0
27-06-2001 04:00,3.5,-2.3,-1.1,1.3,60683,5.5,479,2.33,-0.62,3.53,16,168,27-06-2001 03:00,27-06-2001 03:00,28-06-2001 17:00,-18,0
27-06-2001 05:00,2.2,-1.6,-1,0.1,65283,5.4,474,2.11,-0.05,8.99,25,168,27-06-2001 03:00,27-06-2001 03:00,28-06-2001 17:00,-18,0
08-07-2001 12:00,5.4,-0.5,-0.1,3.4,103388,7.9,441,3.01,-1.5,2.61,11.5,169,08-07-2001 12:00,09-07-2001 02:00,11-07-2001 04:00,-38,0
08-07-2001 13:00,6.6,-1.4,2,4.2,93697,8.3,449,3.31,-1.89,1.76,9.8,169,08-07-2001 12:00,09-07-2001 02:00,11-07-2001 04:00,-38,0
08-07-2001 14:00,7,-3.4,-3,4.4,91339,7.6,465,3.38,-2.05,1.42,9.2,169,08-07-2001 12:00,09-07-2001 02:00,11-07-2001 04:00,-38,0
13-07-2001 17:00,5.6,-3.2,4.2,1.5,42535,4.7,362,1.11,-0.54,1.07,7,170,13-07-2001 17:00,13-07-2001 17:00,14-07-2001 01:00,-4,0
13-07-2001 18:00,4.7,-1.5,1.1,-2.4,27641,6.2,369,1.51,0.89,1.82,9.8,170,13-07-2001 17:00,13-07-2001 17:00,14-07-2001 01:00,-4,0
13-07-2001 19:00,4.7,1.2,-1.2,-4.4,8772,7.1,382,1.9,1.68,1.83,10.8,170,13-07-2001 17:00,13-07-2001 17:00,14-07-2001 01:00,-4,0
03-08-2001 07:00,10,3.4,-4.2,-5.1,68495,14.2,411,4.25,2.1,1.16,7.7,171,03-08-2001 07:16,03-08-2001 11:00,03-08-2001 14:00,-13,0
03-08-2001 08:00,9.6,2.8,-5.1,2,169260,17.6,436,6.21,-0.87,2.36,9.5,171,03-08-2001 07:16,03-08-2001 11:00,03-08-2001 14:00,-13,0
03-08-2001 09:00,8.8,1.2,-8,-0.1,149042,18,437,6.34,0.04,2.68,10.5,171,03-08-2001 07:16,03-08-2001 11:00,03-08-2001 14:00,-13,0
15-08-2001 05:00,4.3,-0.9,3.3,-1.4,91108,2,447,0.74,0.63,0.99,7.4,172,15-08-2001 05:00,15-08-2001 05:00,16-08-2001 14:00,-16,0
15-08-2001 06:00,4.4,1.7,3.6,0.7,63298,1.9,463,0.76,-0.32,0.78,7.3,172,15-08-2001 05:00,15-08-2001 05:00,16-08-2001 14:00,-16,0
15-08-2001 07:00,4.4,-0.7,4.3,-0.3,64054,1.9,438,0.68,0.13,0.79,6.9,172,15-08-2001 05:00,15-08-2001 05:00,16-08-2001 14:00,-16,0
17-08-2001 11:00,14.1,0.5,12.8,2,77814,12.3,428,4.76,-0.86,0.53,5.3,173,17-08-2001 11:03,17-08-2001 20:00,19-08-2001 16:00,-105,1
17-08-2001 12:00,22.9,1.6,20.9,-5.8,217791,23.4,496,13.57,2.88,0.64,5.2,173,17-08-2001 11:03,17-08-2001 20:00,19-08-2001 16:00,-105,1
17-08-2001 13:00,21.2,-4,19.3,-4,229681,28.1,482,15.18,1.93,0.93,6,173,17-08-2001 11:03,17-08-2001 20:00,19-08-2001 16:00,-105,1
30-08-2001 14:00,7.8,2.1,-5.8,-2.8,84629,3.4,485,1.47,1.36,0.5,5.7,174,30-08-2001 14:11,30-08-2001 17:00,31-08-2001 10:00,-40,0
30-08-2001 15:00,8.2,3.6,-6.1,-2.3,137615,4.5,497,2.06,1.14,0.74,6.4,174,30-08-2001 14:11,30-08-2001 17:00,31-08-2001 10:00,-40,0
30-08-2001 16:00,6.9,5.2,-3.9,0.8,177386,4.4,468,1.79,-0.37,1.18,7.1,174,30-08-2001 14:11,30-08-2001 17:00,31-08-2001 10:00,-40,0
01-09-2001 13:00,4.7,-3.8,2.4,1.1,84257,1.6,405,0.51,-0.45,0.64,5.4,175,01-09-2001 13:00,01-09-2001 13:00,02-09-2001 22:00,-17,0
01-09-2001 14:00,4.6,-3.5,1.8,2,89361,1.6,404,0.5,-0.81,0.68,5.6,175,01-09-2001 13:00,01-09-2001 13:00,02-09-2001 22:00,-17,0
01-09-2001 15:00,3.6,-1.8,2.5,0.8,54277,2.8,405,0.86,-0.32,1.64,9.4,175,01-09-2001 13:00,01-09-2001 13:00,02-09-2001 22:00,-17,0
13-09-2001 02:00,9.9,-2.2,8.1,-3.6,77643,7.1,372,1.98,1.34,0.62,5,176,13-09-2001 02:31,13-09-2001 18:00,14-09-2001 22:00,-57,1
13-09-2001 03:00,11.3,-1.6,3.5,-9.7,95150,8.9,401,2.84,3.89,0.65,5.3,176,13-09-2001 02:31,13-09-2001 18:00,14-09-2001 22:00,-57,1
13-09-2001 04:00,10.2,-2.8,3.8,-5.2,103995,8.5,404,2.81,2.1,0.79,5.8,176,13-09-2001 02:31,13-09-2001 18:00,14-09-2001 22:00,-57,1
23-09-2001 20:00,10.1,8.2,4.2,1.6,240818,11.8,524,5.78,-0.84,1.78,8.9,177,23-09-2001 20:00,24-09-2001 00:00,24-09-2001 22:00,-73,1
23-09-2001 21:00,9.3,7.8,4,0.2,258947,12.1,517,5.79,-0.1,2.25,9.7,177,23-09-2001 20:00,24-09-2001 00:00,24-09-2001 22:00,-73,1
23-09-2001 22:00,5.9,2.5,3.2,-1.7,195005,15.1,499,6.96,0.85,5.84,16.4,177,23-09-2001 20:00,24-09-2001 00:00,24-09-2001 22:00,-73,1
25-09-2001 00:00,5.2,3.2,-1.1,2.6,66468,6.7,399,2.01,-1.04,2.01,9.9,178,25-09-2001 00:00,25-09-2001 06:00,25-09-2001 20:00,-24,0
25-09-2001 01:00,4.7,0.4,0.3,4,53406,7.9,411,2.49,-1.64,2.7,12.3,178,25-09-2001 00:00,25-09-2001 06:00,25-09-2001 20:00,-24,0
25-09-2001 02:00,4.2,0.5,1.2,3.3,50224,8.9,417,2.88,-1.38,3.75,14.8,178,25-09-2001 00:00,25-09-2001 06:00,25-09-2001 20:00,-24,0
29-09-2001 09:00,6.3,-2.4,-1.3,-0.3,347299,3.9,578,2.5,0.17,1.94,9.1,179,29-09-2001 09:40,29-09-2001 11:00,01-10-2001 00:00,-66,1
29-09-2001 10:00,10,-1.7,2.2,-4,653795,5.2,672,4.42,2.69,1.69,7.7,179,29-09-2001 09:40,29-09-2001 11:00,01-10-2001 00:00,-66,1
29-09-2001 11:00,11.4,-1.9,-6.5,5.4,672611,3.6,674,3.1,-3.64,0.92,5.6,179,29-09-2001 09:40,29-09-2001 11:00,01-10-2001 00:00,-66,1
30-09-2001 19:00,13,-3.3,11,-5.2,68108,13.9,503,6.65,2.62,0.67,7.2,180,30-09-2001 19:24,01-10-2001 08:00,02-10-2001 00:00,-148,1
30-09-2001 20:00,17.2,-5,16,-1,101680,19.1,541,10.42,0.54,0.62,6.9,180,30-09-2001 19:24,01-10-2001 08:00,02-10-2001 00:00,-148,1
30-09-2001 21:00,16.9,-6.2,11.6,7.3,98317,18.9,532,10.43,-3.88,0.62,6.8,180,30-09-2001 19:24,01-10-2001 08:00,02-10-2001 00:00,-148,1
01-10-2001 21:00,7.2,-6.2,-3.1,-1.2,21580,2.3,494,1.2,0.59,0.28,5.2,181,01-10-2001 21:15,02-10-2001 04:00,02-10-2001 12:00,-104,1
01-10-2001 22:00,8.1,-6.3,-2.2,-4,47014,2.5,505,1.43,2.02,0.28,4.9,181,01-10-2001 21:15,02-10-2001 04:00,02-10-2001 12:00,-104,1
01-10-2001 23:00,11.6,-8.5,-2.2,1.3,83874,5.2,528,3.13,-0.69,0.34,5.2,181,01-10-2001 21:15,02-10-2001 04:00,02-10-2001 12:00,-104,1
02-10-2001 12:00,6.5,-3.2,-1.1,-5.3,24429,3.6,477,1.5,2.53,0.54,7,182,02-10-2001 12:00,02-10-2001 14:00,03-10-2001 16:00,-166,1
02-10-2001 13:00,5.9,-3.5,4.2,1.7,117596,2.1,476,0.98,-0.81,0.62,5.8,182,02-10-2001 12:00,02-10-2001 14:00,03-10-2001 16:00,-166,1
02-10-2001 14:00,5.5,-2.9,3.1,1.3,176059,1.8,483,0.9,-0.63,0.75,5.9,182,02-10-2001 12:00,02-10-2001 14:00,03-10-2001 16:00,-166,1
04-10-2001 14:00,5.3,-4,3.3,-0.1,70439,6,470,2.74,0.05,1.77,10.9,183,04-10-2001 14:00,04-10-2001 14:00,05-10-2001 19:00,,0
04-10-2001 15:00,4.4,-3.4,2.4,-0.1,56941,6.3,471,3.06,0.05,2.51,13.4,183,04-10-2001 14:00,04-10-2001 14:00,05-10-2001 19:00,,0
04-10-2001 16:00,3.8,-3.3,1.1,1,37437,5.8,475,2.81,-0.47,2.77,15.1,183,04-10-2001 14:00,04-10-2001 14:00,05-10-2001 19:00,,0
11-10-2001 17:00,16,-3,10.9,-7.8,110647,21.3,457,9.09,3.56,0.83,6.6,184,11-10-2001 17:01,12-10-2001 04:00,12-10-2001 09:00,-71,1
11-10-2001 18:00,23.1,4.5,-13.5,-4.3,305700,25,507,14.12,2.18,0.85,5.5,184,11-10-2001 17:01,12-10-2001 04:00,12-10-2001 09:00,-71,1
11-10-2001 19:00,23.7,3.5,-19.2,0.2,492486,13.5,528,8.77,-0.11,0.62,4.1,184,11-10-2001 17:01,12-10-2001 04:00,12-10-2001 09:00,-71,1
21-10-2001 16:00,6.4,-1.9,-1.2,-4.2,139780,8.3,378,2.12,1.59,2.26,8.5,185,21-10-2001 16:48,21-10-2001 20:00,25-10-2001 10:00,-187,1
21-10-2001 17:00,20,0.7,5.9,-14,462710,17.5,543,9.82,7.6,1.08,5.7,185,21-10-2001 16:48,21-10-2001 20:00,25-10-2001 10:00,-187,1
21-10-2001 18:00,25.4,12.3,10.9,-16.4,502256,10.5,649,8.27,10.64,0.43,4.1,185,21-10-2001 16:48,21-10-2001 20:00,25-10-2001 10:00,-187,1
26-10-2001 22:00,4.7,-1.4,1.2,-0.1,51226,10.4,388,2.96,0.04,3.52,13.3,186,26-10-2001 22:00,27-10-2001 03:00,28-10-2001 12:00,-27,0
26-10-2001 23:00,5.9,-3.7,4.3,-0.3,62051,8,394,2.31,0.12,1.82,9.4,186,26-10-2001 22:00,27-10-2001 03:00,28-10-2001 12:00,-27,0
27-10-2001 00:00,6.7,-3.6,5.5,-0.1,83504,4.1,404,1.25,0.04,0.8,6.1,186,26-10-2001 22:00,27-10-2001 03:00,28-10-2001 12:00,-27,0
28-10-2001 03:00,12.3,-2.1,7.7,-8.5,91347,5.1,412,2.16,3.5,0.31,3.8,187,28-10-2001 03:19,29-10-2001 22:00,31-10-2001 13:00,-157,1
28-10-2001 04:00,19.5,0.5,12.2,-13.7,190202,9.7,502,5.89,6.88,0.34,4,187,28-10-2001 03:19,29-10-2001 22:00,31-10-2001 13:00,-157,1
28-10-2001 05:00,18.8,3.5,9.1,-14.5,187043,10.7,502,6.2,7.28,0.4,4.4,187,28-10-2001 03:19,29-10-2001 22:00,31-10-2001 13:00,-157,1
31-10-2001 13:00,3.6,-3.4,0.4,-1.1,15178,3.9,326,0.99,0.36,1.8,8.9,188,31-10-2001 13:48,31-10-2001 20:00,02-11-2001 12:00,-106,1
31-10-2001 14:00,6.8,-3.9,5,-1.7,67898,11.3,380,4.04,0.65,2,9.4,188,31-10-2001 13:48,31-10-2001 20:00,02-11-2001 12:00,-106,1
31-10-2001 15:00,9.2,-4.7,7.4,-2,48694,14.9,387,5.11,0.77,1.3,8.1,188,31-10-2001 13:48,31-10-2001 20:00,02-11-2001 12:00,-106,1
05-11-2001 10:00,9.1,5,-5.1,5.3,35004,17.8,356,4.16,-1.89,1.46,8.3,189,05-11-2001 10:00,05-11-2001 19:00,06-11-2001 06:00,-73,1
05-11-2001 11:00,13.5,3.5,-8.3,9.4,83673,25.5,382,6.89,-3.59,1.23,7.1,189,05-11-2001 10:00,05-11-2001 19:00,06-11-2001 06:00,-73,1
05-11-2001 12:00,12.8,2.2,-8.3,8.4,127572,19.9,383,5.34,-3.22,1.29,6.7,189,05-11-2001 10:00,05-11-2001 19:00,06-11-2001 06:00,-73,1
06-11-2001 01:00,20.1,-3,18.2,-7.7,33194,12,413,4.91,3.18,0.2,3.6,190,06-11-2001 01:52,06-11-2001 12:00,09-11-2001 03:00,-292,1
06-11-2001 02:00,62,-6.5,14.2,-57.8,,,,,,,,190,06-11-2001 01:52,06-11-2001 12:00,09-11-2001 03:00,-292,1
06-11-2001 03:00,61.4,-27,-40.1,-36.7,,,,,,,,190,06-11-2001 01:52,06-11-2001 12:00,09-11-2001 03:00,-292,1
19-11-2001 18:00,9.3,-4.4,7.3,0.8,244003,5.5,493,3.04,-0.39,0.99,6.2,191,19-11-2001 18:15,19-11-2001 22:00,21-11-2001 13:00,-47,0
19-11-2001 19:00,12.6,-2.4,10.3,-3.4,367550,8.2,554,5.48,1.88,1.07,6.3,191,19-11-2001 18:15,19-11-2001 22:00,21-11-2001 13:00,-47,0
19-11-2001 20:00,11.8,-1.5,9.9,-1.6,340081,8.2,568,5.57,0.91,1.15,6.9,191,19-11-2001 18:15,19-11-2001 22:00,21-11-2001 13:00,-47,0
24-11-2001 06:00,41.6,11.6,24.2,-19.1,2191491,24.6,948,40.76,18.11,1.37,5.7,192,24-11-2001 06:56,24-11-2001 14:00,25-11-2001 20:00,-221,1
24-11-2001 07:00,23.8,9,-5.2,9,1063972,44.5,894,71.04,-8.05,3.9,12.5,192,24-11-2001 06:56,24-11-2001 14:00,25-11-2001 20:00,-221,1
24-11-2001 08:00,37.7,7.5,-24.9,21.7,1221613,36.1,849,49.54,-18.42,1.43,6.8,192,24-11-2001 06:56,24-11-2001 14:00,25-11-2001 20:00,-221,1
28-12-2001 00:00,9.4,5.4,-7.2,2.3,43403,5.5,347,1.18,-0.8,0.44,4.3,193,28-12-2001 00:00,28-12-2001 00:00,29-12-2001 12:00,-10,0
28-12-2001 01:00,9.6,5.3,-7.6,2.5,22142,6,352,1.33,-0.88,0.41,4.5,193,28-12-2001 00:00,28-12-2001 00:00,29-12-2001 12:00,-10,0
28-12-2001 02:00,9.8,4.8,-7.9,3.2,21417,5.8,358,1.33,-1.15,0.38,4.4,193,28-12-2001 00:00,28-12-2001 00:00,29-12-2001 12:00,-10,0
29-12-2001 05:00,8.5,4.6,-3.3,5.9,26947,19.1,378,5.72,-2.23,1.71,9.7,194,29-12-2001 05:38,30-12-2001 00:00,30-12-2001 18:00,-58,1
29-12-2001 06:00,17,7.3,0,12.9,110941,51.8,447,21.43,-5.77,1.78,9.5,194,29-12-2001 05:38,30-12-2001 00:00,30-12-2001 18:00,-58,1
29-12-2001 07:00,18.9,6.8,8.7,14.6,88148,55.6,450,22.86,-6.57,1.4,8.9,194,29-12-2001 05:38,30-12-2001 00:00,30-12-2001 18:00,-58,1
28-02-2002 04:00,6.5,5.1,0.9,0,,,312,,0,,,195,28-02-2002 04:51,28-02-2002 17:00,02-03-2002 00:00,-71,1
28-02-2002 05:00,11.5,8.7,3.2,-3.9,208998,22.4,373,6.27,1.45,2.38,7.7,195,28-02-2002 04:51,28-02-2002 17:00,02-03-2002 00:00,-71,1
28-02-2002 06:00,13.7,6.3,-8.4,-5.5,139575,21.2,388,6.44,2.13,1.26,6.5,195,28-02-2002 04:51,28-02-2002 17:00,02-03-2002 00:00,-71,1
18-03-2002 13:00,8.1,-3,-0.9,1.4,251378,41.4,368,11.8,-0.52,9.97,14.6,196,18-03-2002 13:22,19-03-2002 05:00,20-03-2002 16:00,-37,0
18-03-2002 14:00,14.9,-6.6,2.1,10.3,291032,38.1,464,16.16,-4.78,2.99,9.6,196,18-03-2002 13:22,19-03-2002 05:00,20-03-2002 16:00,-37,0
18-03-2002 15:00,14.7,-6.5,2.2,10.3,292019,40.3,470,17.25,-4.84,3.26,10.1,196,18-03-2002 13:22,19-03-2002 05:00,20-03-2002 16:00,-37,0
20-03-2002 13:00,14.2,6.7,12,3.2,147215,0.3,453,0.12,-1.45,0.02,0.9,197,20-03-2002 13:28,21-03-2002 14:00,22-03-2002 06:00,-13,0
20-03-2002 14:00,20.1,4.3,19.4,1.1,256709,0.8,575,0.61,-0.63,0.03,1.3,197,20-03-2002 13:28,21-03-2002 14:00,22-03-2002 06:00,-13,0
20-03-2002 15:00,14.2,0.8,13.1,-3.2,140746,10.3,576,6.87,1.84,0.57,6.5,197,20-03-2002 13:28,21-03-2002 14:00,22-03-2002 06:00,-13,0
23-03-2002 11:00,5.9,2,-4.3,1.3,54720,5.5,419,1.9,-0.54,1.2,8.3,198,23-03-2002 11:37,24-03-2002 12:00,25-03-2002 20:00,-100,1
23-03-2002 12:00,11.1,1.6,-9,-0.2,109179,10.5,477,4.69,0.1,0.84,7,198,23-03-2002 11:37,24-03-2002 12:00,25-03-2002 20:00,-100,1
23-03-2002 13:00,9.6,4.6,-7.7,0.8,118263,10.7,459,4.71,-0.37,1.19,7.8,198,23-03-2002 11:37,24-03-2002 12:00,25-03-2002 20:00,-100,1
12-04-2002 01:00,10.2,7,-0.1,5.7,23946,14.4,450,5.55,-2.56,0.88,8.4,199,12-04-2002 01:00,12-04-2002 01:00,13-04-2002 13:00,-32,0
12-04-2002 02:00,10.8,8.3,-4,5.3,11910,11.1,452,4.11,-2.4,0.56,7,199,12-04-2002 01:00,12-04-2002 01:00,13-04-2002 13:00,-32,0
12-04-2002 03:00,10.6,8,-4.2,5.3,11793,9.3,447,3.33,-2.37,0.48,6.4,199,12-04-2002 01:00,12-04-2002 01:00,13-04-2002 13:00,-32,0
17-04-2002 11:00,18.8,-0.2,-11.8,-0.9,190391,31,416,12.72,0.37,1.16,6.2,200,17-04-2002 11:07,17-04-2002 16:00,19-04-2002 15:00,-127,1
17-04-2002 12:00,30.4,1.9,-24.3,-12.1,357075,24.9,492,14.01,5.95,0.54,4,200,17-04-2002 11:07,17-04-2002 16:00,19-04-2002 15:00,-127,1
17-04-2002 13:00,27.6,8.5,-21.3,6.2,336609,24,486,12.91,-3.01,0.61,4.3,200,17-04-2002 11:07,17-04-2002 16:00,19-04-2002 15:00,-127,1
19-04-2002 08:00,12.8,1.3,-12.5,0.4,185547,1.3,483,1.03,-0.19,0.1,2.2,201,19-04-2002 08:35,20-04-2002 00:00,21-04-2002 18:00,-149,1
19-04-2002 09:00,21.9,-0.1,-20.2,-4.2,429372,3,670,5.45,2.81,0.15,2.6,201,19-04-2002 08:35,20-04-2002 00:00,21-04-2002 18:00,-149,1
19-04-2002 10:00,21,12,-15,-0.2,306099,5.3,609,6.43,0.12,0.22,3.3,201,19-04-2002 08:35,20-04-2002 00:00,21-04-2002 18:00,-149,1
11-05-2002 10:00,13.4,4.5,-3.7,-10.1,79341,17.2,400,5.52,4.04,0.83,6.2,202,11-05-2002 10:14,11-05-2002 15:00,12-05-2002 00:00,-110,1
11-05-2002 11:00,12.7,-1.7,-5.3,-5.8,93969,52.2,441,19.73,2.56,2.99,12.5,202,11-05-2002 10:14,11-05-2002 15:00,12-05-2002 00:00,-110,1
11-05-2002 12:00,18.9,5.9,9.2,3.2,135183,28.1,435,10.05,-1.39,0.86,6.1,202,11-05-2002 10:14,11-05-2002 15:00,12-05-2002 00:00,-110,1
20-05-2002 03:00,9,-5,4.2,5.4,52100,4.6,438,1.96,-2.37,0.43,5.2,203,20-05-2002 03:40,20-05-2002 10:00,21-05-2002 22:00,-36,0
20-05-2002 04:00,13.8,-4.3,9.6,8.2,96248,7.3,496,3.99,-4.07,0.36,4.9,203,20-05-2002 03:40,20-05-2002 10:00,21-05-2002 22:00,-36,0
20-05-2002 05:00,9.9,0.8,3.1,4.5,208146,9,499,4.85,-2.25,1.29,7.6,203,20-05-2002 03:40,20-05-2002 10:00,21-05-2002 22:00,-36,0
23-05-2002 10:00,13.5,-3.1,12.3,3.5,68903,8.6,420,2.93,-1.47,0.39,4.6,204,23-05-2002 10:50,23-05-2002 20:00,25-05-2002 18:00,-109,1
23-05-2002 11:00,34.8,2.4,29.9,8.3,332834,17.7,576,11.69,-4.78,0.28,3.5,204,23-05-2002 10:50,23-05-2002 20:00,25-05-2002 18:00,-109,1
23-05-2002 12:00,38.2,4.6,-0.6,-14.1,766116,4.9,769,5.42,10.84,0.12,2.2,204,23-05-2002 10:50,23-05-2002 20:00,25-05-2002 18:00,-109,1
17-07-2002 16:00,12.3,-7.5,1.3,-1.9,229628,13.3,463,7.14,0.88,1.31,6.9,205,17-07-2002 16:03,18-07-2002 12:00,19-07-2002 09:00,-17,0
17-07-2002 17:00,15,-6.4,10.2,1.3,287512,14.9,516,9.06,-0.67,1.15,6.6,205,17-07-2002 16:03,18-07-2002 12:00,19-07-2002 09:00,-17,0
17-07-2002 18:00,14.1,-8.8,9.2,1.8,258193,12.4,520,7.21,-0.94,1,6.5,205,17-07-2002 16:03,18-07-2002 12:00,19-07-2002 09:00,-17,0
19-07-2002 14:00,8.8,-8.7,0.6,0.6,169043,2.4,428,0.88,-0.26,0.38,3.8,206,19-07-2002 14:50,20-07-2002 02:00,22-07-2002 06:00,-36,0
19-07-2002 15:00,12.3,-8,-1.6,6.3,278216,4.3,487,2.04,-3.07,0.48,4.1,206,19-07-2002 14:50,20-07-2002 02:00,22-07-2002 06:00,-36,0
19-07-2002 16:00,17.7,-7.7,-3.8,11.4,449180,4.3,578,2.87,-6.59,0.33,3.4,206,19-07-2002 14:50,20-07-2002 02:00,22-07-2002 06:00,-36,0
31-07-2002 11:00,6,4.5,-2.2,-0.2,106790,3.5,404,1.24,0.08,0.95,6.3,207,31-07-2002 11:00,31-07-2002 22:00,01-08-2002 09:00,-21,0
31-07-2002 12:00,8.2,3.3,-2.2,-5.2,92925,4.8,428,1.79,2.23,0.66,5.7,207,31-07-2002 11:00,31-07-2002 22:00,01-08-2002 09:00,-21,0
31-07-2002 13:00,7.1,1.4,-2.1,-5.6,94421,4.6,437,1.81,2.45,0.85,6.6,207,31-07-2002 11:00,31-07-2002 22:00,01-08-2002 09:00,-21,0
01-08-2002 05:00,11.8,3,-7.8,-5.1,140812,3.5,453,1.73,2.31,0.28,3.6,208,01-08-2002 05:10,01-08-2002 09:00,01-08-2002 23:00,-51,1
01-08-2002 06:00,12.8,7,-4.6,-7.3,303413,4,455,2.3,3.32,0.44,3.6,208,01-08-2002 05:10,01-08-2002 09:00,01-08-2002 23:00,-51,1
01-08-2002 07:00,13.3,5.7,-5.8,3.4,251476,4.8,461,3.24,-1.57,0.43,3.8,208,01-08-2002 05:10,01-08-2002 09:00,01-08-2002 23:00,-51,1
01-08-2002 23:00,12.1,0.5,-8.8,-2.4,66617,13.9,452,6.87,1.08,0.77,7,209,01-08-2002 23:09,02-08-2002 06:00,04-08-2002 02:00,-102,1
02-08-2002 00:00,15.7,2.4,-6.3,-12.5,97238,5.4,480,3.02,6,0.21,3.6,209,01-08-2002 23:09,02-08-2002 06:00,04-08-2002 02:00,-102,1
02-08-2002 01:00,15.3,1.8,-9.1,-11.6,81713,4.2,490,2.57,5.68,0.16,3.3,209,01-08-2002 23:09,02-08-2002 06:00,04-08-2002 02:00,-102,1
18-08-2002 18:00,3.7,-1.5,2.9,-0.9,96791,3.9,418,1.27,0.38,2.67,11.2,210,18-08-2002 18:46,19-08-2002 12:00,21-08-2002 14:00,-106,1
18-08-2002 19:00,12.7,-0.6,8.3,6.9,251997,14.3,573,9.03,-3.95,1.4,8.5,210,18-08-2002 18:46,19-08-2002 12:00,21-08-2002 14:00,-106,1
18-08-2002 20:00,13.8,-2.2,8.4,6.7,325110,14.8,561,9.24,-3.76,1.47,7.8,210,18-08-2002 18:46,19-08-2002 12:00,21-08-2002 14:00,-106,1
29-08-2002 21:00,7.5,1,-4.6,3,48439,4.4,437,1.68,-1.31,0.58,6.1,211,29-08-2002 21:00,29-08-2002 21:00,30-08-2002 06:00,-42,0
29-08-2002 22:00,7.9,3,-1.7,6.9,28311,3.9,421,1.38,-2.9,0.41,5.3,211,29-08-2002 21:00,29-08-2002 21:00,30-08-2002 06:00,-42,0
29-08-2002 23:00,7.7,2.2,-2.6,6.8,23380,4.2,418,1.47,-2.84,0.45,5.6,211,29-08-2002 21:00,29-08-2002 21:00,30-08-2002 06:00,-42,0
07-09-2002 12:00,7.7,-6,3.2,-3.4,,,357,,1.21,,,212,07-09-2002 12:00,07-09-2002 12:00,08-09-2002 04:00,-41,0
07-09-2002 13:00,7.3,-4.7,0.1,-4.9,,,361,,1.77,,,212,07-09-2002 12:00,07-09-2002 12:00,08-09-2002 04:00,-41,0
07-09-2002 14:00,7.7,-0.9,-0.1,-7.1,,,376,,2.67,,,212,07-09-2002 12:00,07-09-2002 12:00,08-09-2002 04:00,-41,0
07-09-2002 16:00,9,2.8,-5.3,-6.1,11880,4.5,389,1.32,2.37,0.32,4.6,213,07-09-2002 16:36,08-09-2002 04:00,08-09-2002 20:00,-181,1
07-09-2002 17:00,22.9,0.8,-6.2,-21.5,199079,11.3,544,7.33,11.7,0.29,4,213,07-09-2002 16:36,08-09-2002 04:00,08-09-2002 20:00,-181,1
07-09-2002 18:00,21.6,-4.6,10.4,-11,251587,12.6,550,7.66,6.05,0.43,4.5,213,07-09-2002 16:36,08-09-2002 04:00,08-09-2002 20:00,-181,1
08-09-2002 20:00,8.5,-5.5,3,-5,275739,5.8,499,2.88,2.5,1.35,7.1,214,08-09-2002 20:00,08-09-2002 22:00,10-09-2002 21:00,-82,1
08-09-2002 21:00,7.2,2.5,-1.8,1.1,253680,5.4,522,3.09,-0.57,1.66,8.4,214,08-09-2002 20:00,08-09-2002 22:00,10-09-2002 21:00,-82,1
08-09-2002 22:00,6.9,0.4,1.6,5.9,210576,3.8,513,2.12,-3.03,1.13,7.2,214,08-09-2002 20:00,08-09-2002 22:00,10-09-2002 21:00,-82,1
19-09-2002 06:00,8.1,0.4,-6.7,2.6,238905,2.6,552,1.45,-1.44,0.61,5.5,215,19-09-2002 06:00,19-09-2002 20:00,20-09-2002 21:00,-40,0
19-09-2002 07:00,9.7,-0.5,-5.4,5.2,333474,2.9,604,1.91,-3.14,0.59,5.3,215,19-09-2002 06:00,19-09-2002 20:00,20-09-2002 21:00,-40,0
19-09-2002 08:00,7.4,1.9,-5.7,3.3,361067,2.8,600,1.81,-1.98,1.04,6.8,215,19-09-2002 06:00,19-09-2002 20:00,20-09-2002 21:00,-40,0
30-09-2002 08:00,15.7,-4.4,13.7,-1.4,,,309,,0.43,,,216,30-09-2002 08:15,30-09-2002 20:00,01-10-2002 15:00,-176,1
30-09-2002 09:00,20,-0.5,13.8,-6.1,49390,12.6,343,2.8,2.09,0.23,3,216,30-09-2002 08:15,30-09-2002 20:00,01-10-2002 15:00,-176,1
30-09-2002 10:00,16.5,0,10.5,-1.1,93371,21,358,5.05,0.39,0.71,5,216,30-09-2002 08:15,30-09-2002 20:00,01-10-2002 15:00,-176,1
02-10-2002 22:00,3.7,-0.2,1.8,-2,42279,3.4,456,1.49,0.91,1.76,11.4,217,02-10-2002 22:10,03-10-2002 01:00,04-10-2002 18:00,-146,1
02-10-2002 23:00,7.4,-0.1,5.7,-1.5,91647,7,509,3.86,0.76,1.17,9.1,217,02-10-2002 22:10,03-10-2002 01:00,04-10-2002 18:00,-146,1
03-10-2002 00:00,7.5,0.3,4.4,-5,152202,10.6,517,6.09,2.58,2.2,11.2,217,02-10-2002 22:10,03-10-2002 01:00,04-10-2002 18:00,-146,1
16-11-2002 23:00,6.2,3.6,-3.2,-1.8,75193,5.4,436,2.09,0.78,1.19,8.2,218,16-11-2002 23:05,17-11-2002 10:00,19-11-2002 12:00,-52,1
17-11-2002 00:00,9.7,4.2,-7.2,0.3,118252,8.5,471,3.92,-0.14,0.93,7.1,218,16-11-2002 23:05,17-11-2002 10:00,19-11-2002 12:00,-52,1
17-11-2002 01:00,9.6,6.1,-4.2,-2.9,158116,8.8,463,3.89,1.34,1.14,7.2,218,16-11-2002 23:05,17-11-2002 10:00,19-11-2002 12:00,-52,1
17-12-2002 18:00,8.2,2.3,-7.7,1.3,34843,5.5,408,1.61,-0.53,0.56,5.8,219,17-12-2002 18:00,17-12-2002 18:00,19-12-2002 12:00,-30,0
17-12-2002 19:00,8.7,2.4,-8.2,1.2,26658,5.5,405,1.6,-0.49,0.47,5.5,219,17-12-2002 18:00,17-12-2002 18:00,19-12-2002 12:00,-30,0
17-12-2002 20:00,8.6,3.1,-7.8,1.7,24913,6.9,400,2.03,-0.68,0.59,6.1,219,17-12-2002 18:00,17-12-2002 18:00,19-12-2002 12:00,-30,0
20-12-2002 17:00,5.3,2.2,3.8,-2.2,99954,4.2,526,2.23,1.16,1.42,10.2,220,20-12-2002 17:00,21-12-2002 03:00,22-12-2002 19:00,-75,1
20-12-2002 18:00,7.6,-1.2,-0.2,-4.8,145111,7.4,535,4.05,2.57,1.46,9.6,220,20-12-2002 17:00,21-12-2002 03:00,22-12-2002 19:00,-75,1
20-12-2002 19:00,7.2,-0.4,1.2,-3.4,136031,7.8,543,4.46,1.85,1.65,10.5,220,20-12-2002 17:00,21-12-2002 03:00,22-12-2002 19:00,-75,1
26-01-2003 00:00,5.5,-3.7,-0.1,-1,267762,3.3,700,3.19,0.7,1.8,11.6,221,26-01-2003 00:00,27-01-2003 01:00,28-01-2003 14:00,-20,0
26-01-2003 01:00,5.8,-1.1,3.7,1.8,246320,3.1,719,3.17,-1.29,1.44,10.9,221,26-01-2003 00:00,27-01-2003 01:00,28-01-2003 14:00,-20,0
26-01-2003 02:00,5.3,-3,2.2,0.7,270144,3.2,701,3.16,-0.49,1.89,11.8,221,26-01-2003 00:00,27-01-2003 01:00,28-01-2003 14:00,-20,0
01-02-2003 13:00,10.3,3.1,-9.4,-2.2,127849,0.6,407,0.19,0.9,0.06,1.5,222,01-02-2003 13:05,01-02-2003 19:00,03-02-2003 07:00,-72,1
01-02-2003 14:00,12.9,0.6,-12.6,-2,163563,0.6,540,0.32,1.08,0.04,1.6,222,01-02-2003 13:05,01-02-2003 19:00,03-02-2003 07:00,-72,1
01-02-2003 15:00,13,-2.7,-11.9,1.5,150949,0.5,640,0.38,-0.96,0.03,1.7,222,01-02-2003 13:05,01-02-2003 19:00,03-02-2003 07:00,-72,1
17-02-2003 21:00,7.2,-2,5,3.3,201031,3.9,613,2.93,-2.02,1.03,8.4,223,17-02-2003 21:50,18-02-2003 04:00,19-02-2003 16:00,-17,0
17-02-2003 22:00,9,-2.6,7.4,2.6,217765,4.8,619,3.68,-1.61,0.85,7.5,223,17-02-2003 21:50,18-02-2003 04:00,19-02-2003 16:00,-17,0
17-02-2003 23:00,11.6,-6.2,5.1,3.1,289223,6.3,624,4.91,-1.93,0.81,6.8,223,17-02-2003 21:50,18-02-2003 04:00,19-02-2003 16:00,-17,0
20-03-2003 04:00,10.2,0.8,6.4,7.8,124866,1.9,680,1.65,-5.3,0.19,4.6,224,20-03-2003 04:40,20-03-2003 12:00,20-03-2003 22:00,-64,1
20-03-2003 05:00,13.2,1,9.6,7.1,312094,3.1,769,3.72,-5.46,0.33,5.1,224,20-03-2003 04:40,20-03-2003 12:00,20-03-2003 22:00,-64,1
20-03-2003 06:00,9.4,-5.6,3.9,1.3,501702,3.7,741,4.48,-0.96,1.1,7.6,224,20-03-2003 04:40,20-03-2003 12:00,20-03-2003 22:00,-64,1
09-05-2003 04:00,5.1,-3.6,1.4,-0.3,248914,2.3,755,2.58,0.23,1.39,11.2,225,09-05-2003 04:55,09-05-2003 07:00,11-05-2003 00:00,-84,1
09-05-2003 05:00,7.3,-2,4.7,0.6,450937,4.2,823,5.51,-0.49,1.9,11.6,225,09-05-2003 04:55,09-05-2003 07:00,11-05-2003 00:00,-84,1
09-05-2003 06:00,9.7,-1.2,5.3,4.3,741945,6.1,865,8.26,-3.72,2.35,11,225,09-05-2003 04:55,09-05-2003 07:00,11-05-2003 00:00,-84,1
29-05-2003 12:00,7,-1.7,-4.6,-2.3,107881,5.2,670,4.69,1.54,1.04,10.9,226,29-05-2003 12:24,29-05-2003 13:00,29-05-2003 18:00,-49,0
29-05-2003 13:00,11,-2.1,-3.2,-7.7,59319,6.3,688,6,5.3,0.41,7.8,226,29-05-2003 12:24,29-05-2003 13:00,29-05-2003 18:00,-49,0
29-05-2003 14:00,11.5,-2.3,5.2,-9.9,38412,4.3,668,3.91,6.61,0.23,6,226,29-05-2003 12:24,29-05-2003 13:00,29-05-2003 18:00,-49,0
29-05-2003 18:00,14.6,-5.7,2.9,-12.1,58270,6.7,669,6.59,8.09,0.24,5.9,227,29-05-2003 18:25,30-05-2003 02:00,30-05-2003 16:00,-144,1
29-05-2003 19:00,26.1,2.1,7,-4.3,330011,27.8,761,37.43,3.27,0.78,7.7,227,29-05-2003 18:25,30-05-2003 02:00,30-05-2003 16:00,-144,1
29-05-2003 20:00,18.8,12,0,-3,563137,47.5,793,70.04,2.38,3.87,14.5,227,29-05-2003 18:25,30-05-2003 02:00,30-05-2003 16:00,-144,1
30-05-2003 16:00,16.6,2.8,2,10.4,167524,5.2,662,5.66,-6.88,0.23,4.5,228,30-05-2003 16:00,30-05-2003 22:00,01-06-2003 01:00,-63,1
30-05-2003 17:00,15.2,-10.1,0.9,8.7,897673,8.7,770,11.96,-6.7,1.61,7.5,228,30-05-2003 16:00,30-05-2003 22:00,01-06-2003 01:00,-63,1
30-05-2003 18:00,8.9,-5.2,2.5,6.1,613184,8.6,806,12.58,-4.92,3.35,13.3,228,30-05-2003 16:00,30-05-2003 22:00,01-06-2003 01:00,-63,1
15-06-2003 15:00,9.9,6.4,-6,-1.2,214274,8.5,528,5.16,0.63,1.24,7.8,229,15-06-2003 15:00,15-06-2003 20:00,16-06-2003 21:00,-68,1
15-06-2003 16:00,10.3,5.3,-7.7,0,212818,9.5,536,5.56,0,1.27,8,229,15-06-2003 15:00,15-06-2003 20:00,16-06-2003 21:00,-68,1
15-06-2003 17:00,9.3,5.1,-5.3,-0.5,219322,8.8,533,5.24,0.27,1.47,8.5,229,15-06-2003 15:00,15-06-2003 20:00,16-06-2003 21:00,-68,1
16-06-2003 18:00,10.5,-3.2,-4.5,-8.9,123603,1.1,532,0.59,4.73,0.1,2.7,230,16-06-2003 18:00,17-06-2003 10:00,18-06-2003 08:00,-141,1
16-06-2003 19:00,11.2,-2.7,-5,-9.6,84981,0.5,537,0.28,5.16,0.04,1.7,230,16-06-2003 18:00,17-06-2003 10:00,18-06-2003 08:00,-141,1
16-06-2003 20:00,10.8,-2.5,-4.7,-9.4,74059,1.1,538,0.62,5.06,0.08,2.6,230,16-06-2003 18:00,17-06-2003 10:00,18-06-2003 08:00,-141,1
23-07-2003 14:00,7.5,2.9,-3.1,1.6,104798,4.9,425,1.6,-0.68,0.84,6.3,231,23-07-2003 14:00,23-07-2003 14:00,24-07-2003 16:00,-26,0
23-07-2003 15:00,7.7,1.3,4.5,-5.2,99815,5.8,477,2.47,2.48,0.93,7.5,231,23-07-2003 14:00,23-07-2003 14:00,24-07-2003 16:00,-26,0
23-07-2003 16:00,8.6,-0.7,6.9,-3,117617,4.6,488,2.2,1.46,0.64,6.1,231,23-07-2003 14:00,23-07-2003 14:00,24-07-2003 16:00,-26,0
04-08-2003 17:00,5,2,4.3,-1.5,39336,4.1,526,2.11,0.79,1.14,10.7,232,04-08-2003 17:00,04-08-2003 22:00,06-08-2003 02:00,-60,1
04-08-2003 18:00,4.7,1.4,3,-2.4,46615,6.7,511,3.23,1.23,2.21,14.1,232,04-08-2003 17:00,04-08-2003 22:00,06-08-2003 02:00,-60,1
04-08-2003 19:00,4.8,0.7,0.2,-3.6,56996,9,504,4.14,1.81,3.01,15.8,232,04-08-2003 17:00,04-08-2003 22:00,06-08-2003 02:00,-60,1
15-08-2003 12:00,6.5,4.1,-1.4,2.9,189621,4.7,545,2.79,-1.58,1.47,9.1,233,15-08-2003 12:00,16-08-2003 02:00,17-08-2003 16:00,-11,0
15-08-2003 13:00,5.4,1.9,-1,0.6,240455,5.2,589,3.61,-0.35,2.74,12.4,233,15-08-2003 12:00,16-08-2003 02:00,17-08-2003 16:00,-11,0
15-08-2003 14:00,5.9,-0.5,-1.4,-0.4,230241,4.7,615,3.56,0.25,2.01,11.3,233,15-08-2003 12:00,16-08-2003 02:00,17-08-2003 16:00,-11,0
17-08-2003 14:00,14.7,6.3,-5.7,11.4,34908,12.8,469,5.63,-5.35,0.4,5.7,234,17-08-2003 14:21,18-08-2003 01:00,19-08-2003 15:00,-148,1
17-08-2003 15:00,21.9,4.7,-19.3,8.3,73975,11.3,512,5.92,-4.25,0.2,3.9,234,17-08-2003 14:21,18-08-2003 01:00,19-08-2003 15:00,-148,1
17-08-2003 16:00,22.3,3.3,-21.6,2.5,86045,11.1,508,5.73,-1.27,0.2,3.8,234,17-08-2003 14:21,18-08-2003 01:00,19-08-2003 15:00,-148,1
21-10-2003 22:00,9.5,-5.3,4.7,-2.2,370925,4.4,678,4.05,1.49,1.01,7.5,235,21-10-2003 22:00,22-10-2003 02:00,24-10-2003 15:00,-61,1
21-10-2003 23:00,8.5,-2.8,1.5,1.5,432853,5.5,724,5.77,-1.09,1.78,10,235,21-10-2003 22:00,22-10-2003 02:00,24-10-2003 15:00,-61,1
22-10-2003 00:00,9,1.9,8.4,0.5,334009,4,744,4.43,-0.37,0.95,8.3,235,21-10-2003 22:00,22-10-2003 02:00,24-10-2003 15:00,-61,1
24-10-2003 15:00,15.1,-6.6,-9.4,-6.1,196314,15.1,493,7.34,3.01,0.89,6.3,236,24-10-2003 15:24,24-10-2003 21:00,25-10-2003 12:00,-36,0
24-10-2003 16:00,22.7,-13.2,4.6,4.7,441934,31.3,585,21.42,-2.75,1.44,7.2,236,24-10-2003 15:24,24-10-2003 21:00,25-10-2003 12:00,-36,0
24-10-2003 17:00,24.7,-7.8,8.5,15.4,296448,37.4,572,24.47,-8.81,1.08,7.1,236,24-10-2003 15:24,24-10-2003 21:00,25-10-2003 12:00,-36,0
25-10-2003 11:00,14.8,-2.5,-11.8,8.4,133952,5.4,576,3.58,-4.84,0.27,4.5,237,25-10-2003 11:00,25-10-2003 14:00,26-10-2003 04:00,-49,0
25-10-2003 12:00,12.9,-2.4,-11.9,1.5,295972,4.3,570,2.79,-0.85,0.46,4.6,237,25-10-2003 11:00,25-10-2003 14:00,26-10-2003 04:00,-49,0
25-10-2003 13:00,8.7,-3.2,-5.9,-4.5,470313,5.8,609,4.3,2.74,1.91,8.4,237,25-10-2003 11:00,25-10-2003 14:00,26-10-2003 04:00,-49,0
26-10-2003 19:00,14.1,5.6,-12.4,-1.9,176875,2.7,491,1.3,0.93,0.17,2.9,238,26-10-2003 19:08,26-10-2003 22:00,28-10-2003 00:00,-52,1
26-10-2003 20:00,15.9,5.4,-13.5,-5.6,212160,3.2,545,1.9,3.05,0.18,3.1,238,26-10-2003 19:08,26-10-2003 22:00,28-10-2003 00:00,-52,1
26-10-2003 21:00,14.6,4.5,-11.1,-7.4,183727,3.2,534,1.82,3.95,0.19,3.3,238,26-10-2003 19:08,26-10-2003 22:00,28-10-2003 00:00,-52,1
28-10-2003 02:00,14.3,11.2,-6.8,-3.1,284107,1.8,535,1.03,1.66,0.15,2.5,239,28-10-2003 02:06,28-10-2003 02:30,28-10-2003 09:00,-32,0
28-10-2003 03:00,19,14.3,-12.1,-1.6,143155,2.2,597,1.57,0.96,0.07,2.3,239,28-10-2003 02:06,28-10-2003 02:30,28-10-2003 09:00,-32,0
28-10-2003 04:00,19.3,12.9,-13.9,2.8,122689,4.6,606,3.38,-1.7,0.13,3.4,239,28-10-2003 02:06,28-10-2003 02:30,28-10-2003 09:00,-32,0
29-10-2003 06:00,26.4,3.5,-16.6,-8.2,,,,,,,,240,29-10-2003 06:11,29-10-2003 11:00,30-10-2003 03:00,-353,1
29-10-2003 07:00,28.8,3.4,13.1,1.9,,,,,,,,240,29-10-2003 06:11,29-10-2003 11:00,30-10-2003 03:00,-353,1
29-10-2003 08:00,19.9,-6.6,-10,-0.7,,,,,,,,240,29-10-2003 06:11,29-10-2003 11:00,30-10-2003 03:00,-353,1
30-10-2003 16:00,9.9,-8.1,3.6,-2.4,,,,,,,,241,30-10-2003 16:19,31-10-2003 02:00,02-11-2003 00:00,-383,1
30-10-2003 17:00,22.9,-13.1,11.8,-3.7,,,,,,,,241,30-10-2003 16:19,31-10-2003 02:00,02-11-2003 00:00,-383,1
30-10-2003 18:00,34.8,-24.1,23,-5.7,,,,,,,,241,30-10-2003 16:19,31-10-2003 02:00,02-11-2003 00:00,-383,1
20-11-2003 08:00,16.8,1,13,-5.2,450288,11,584,7.5,3.04,0.94,5.8,242,20-11-2003 08:03,20-11-2003 10:00,21-11-2003 08:00,-422,1
20-11-2003 09:00,23.9,4.2,20.5,-7.2,507320,18.8,699,18.37,5.03,0.87,6.3,242,20-11-2003 08:03,20-11-2003 10:00,21-11-2003 08:00,-422,1
20-11-2003 10:00,33.9,3.3,30.5,6.9,225389,16.2,687,15.29,-4.74,0.21,4.1,242,20-11-2003 08:03,20-11-2003 10:00,21-11-2003 08:00,-422,1
09-01-2004 15:00,10.1,-3.9,7.9,1,265435,7.1,571,4.63,-0.57,1.14,7.5,243,09-01-2004 15:00,10-01-2004 06:00,11-01-2004 05:00,-45,0
09-01-2004 16:00,13.5,-0.8,9.4,-1.4,296554,8.6,588,5.95,0.82,0.83,6.4,243,09-01-2004 15:00,10-01-2004 06:00,11-01-2004 05:00,-45,0
09-01-2004 17:00,12.3,-7.2,2.8,3.7,371532,10,612,7.49,-2.26,1.37,7.9,243,09-01-2004 15:00,10-01-2004 06:00,11-01-2004 05:00,-45,0
22-01-2004 01:00,11.5,1.6,-8.4,-3.5,186220,8.5,526,4.7,1.84,0.84,6.7,244,22-01-2004 01:37,22-01-2004 08:00,23-01-2004 17:00,-130,1
22-01-2004 02:00,19.2,2.3,-16.8,1.1,483398,18,666,15.97,-0.73,1.24,7.4,244,22-01-2004 01:37,22-01-2004 08:00,23-01-2004 17:00,-130,1
22-01-2004 03:00,16.7,-0.4,-15.3,1.5,553467,18.3,666,16.23,-1,1.86,8.5,244,22-01-2004 01:37,22-01-2004 08:00,23-01-2004 17:00,-130,1
23-01-2004 14:00,6.5,3.9,1.1,-3.2,42505,2.4,485,1.13,1.55,0.4,5.8,245,23-01-2004 14:25,23-01-2004 23:00,25-01-2004 04:00,-81,1
23-01-2004 15:00,12,7,0.1,-9,67617,4.3,532,2.43,4.79,0.24,4.6,245,23-01-2004 14:25,23-01-2004 23:00,25-01-2004 04:00,-81,1
23-01-2004 16:00,12.2,8.1,0.7,-6.4,96141,5.2,518,2.79,3.32,0.33,4.8,245,23-01-2004 14:25,23-01-2004 23:00,25-01-2004 04:00,-81,1
17-02-2004 18:00,6.4,2.4,-4.3,-4,236074,0.3,450,0.12,1.8,0.11,1.9,246,17-02-2004 18:00,17-02-2004 18:00,18-02-2004 16:00,-24,0
17-02-2004 19:00,6.4,2,-5.5,-2.4,52018,0.4,448,0.16,1.08,0.07,2.2,246,17-02-2004 18:00,17-02-2004 18:00,18-02-2004 16:00,-24,0
17-02-2004 20:00,6.6,2.2,-5.6,-2.6,24450,0.4,436,0.15,1.13,0.06,2.1,246,17-02-2004 18:00,17-02-2004 18:00,18-02-2004 16:00,-24,0
03-04-2004 09:00,5.2,-2.1,-3.7,-2.4,48558,5.2,385,1.36,0.92,1.42,8.4,247,03-04-2004 09:00,03-04-2004 14:00,05-04-2004 18:00,-117,1
03-04-2004 10:00,8.3,-4.3,2.7,-0.3,100952,8.5,410,2.56,0.12,1.18,7.2,247,03-04-2004 09:00,03-04-2004 14:00,05-04-2004 18:00,-117,1
03-04-2004 11:00,10.2,-3.3,-1.7,6.5,102490,9.2,419,2.86,-2.72,0.85,6.2,247,03-04-2004 09:00,03-04-2004 14:00,05-04-2004 18:00,-117,1
26-04-2004 16:00,7,-5.6,0.3,3.1,201760,3.8,480,1.75,-1.49,1.07,6.7,248,26-04-2004 16:04,26-04-2004 17:00,27-04-2004 20:00,0,0
26-04-2004 17:00,7.5,-5.2,4.1,3,176370,3.5,481,1.62,-1.44,0.79,6,248,26-04-2004 16:04,26-04-2004 17:00,27-04-2004 20:00,0,0
26-04-2004 18:00,7.7,-1.5,7,-1.6,85338,2.7,500,1.35,0.8,0.4,5.3,248,26-04-2004 16:04,26-04-2004 17:00,27-04-2004 20:00,0,0
30-04-2004 13:00,5.8,-0.6,2.1,-1.4,59771,3.6,437,1.24,0.61,0.84,7.1,249,30-04-2004 13:00,01-05-2004 00:00,01-05-2004 12:00,-34,0
30-04-2004 14:00,6.9,-3.5,3.8,0,51055,3.3,414,1.02,0,0.52,5.4,249,30-04-2004 13:00,01-05-2004 00:00,01-05-2004 12:00,-34,0
30-04-2004 15:00,7.7,-2,6.6,3,30635,5.7,428,1.78,-1.28,0.64,6.6,249,30-04-2004 13:00,01-05-2004 00:00,01-05-2004 12:00,-34,0
01-05-2004 12:00,6,-3.3,-4.3,1,33617,6.6,395,2.06,-0.4,1.24,8.5,250,01-05-2004 12:00,01-05-2004 15:00,02-05-2004 21:00,-13,0
01-05-2004 13:00,3.7,-2.3,-0.3,-1.1,82375,8.3,406,2.74,0.45,5.32,15.8,250,01-05-2004 12:00,01-05-2004 15:00,02-05-2004 21:00,-13,0
01-05-2004 14:00,5,-2.5,3,1.8,48935,7.5,408,2.5,-0.73,2.21,11.2,250,01-05-2004 12:00,01-05-2004 15:00,02-05-2004 21:00,-13,0
22-07-2004 10:00,6.1,4,-1.3,-2.6,56037,3.5,367,0.88,0.95,0.72,5.6,251,22-07-2004 10:36,22-07-2004 18:00,24-07-2004 08:00,-99,1
22-07-2004 11:00,11.1,5,-6.7,-1.5,183408,9.5,445,3.76,0.67,1,6.2,251,22-07-2004 10:36,22-07-2004 18:00,24-07-2004 08:00,-99,1
22-07-2004 12:00,10.4,2.8,-1.8,-2.3,232868,14.7,471,6.03,1.08,2.04,8.7,251,22-07-2004 10:36,22-07-2004 18:00,24-07-2004 08:00,-99,1
24-07-2004 06:00,10.1,-8.3,-0.2,3.6,125197,15.1,534,11.85,-1.92,1.56,10.3,252,24-07-2004 06:13,24-07-2004 14:00,25-07-2004 15:00,-136,1
24-07-2004 07:00,19.6,-11.2,8.2,11.9,276129,10.3,585,9.23,-6.96,0.45,4.8,252,24-07-2004 06:13,24-07-2004 14:00,25-07-2004 15:00,-136,1
24-07-2004 08:00,21.1,-15.5,10.1,8.8,205516,8.9,591,7.66,-5.2,0.28,4.2,252,24-07-2004 06:13,24-07-2004 14:00,25-07-2004 15:00,-136,1
25-07-2004 15:00,24.2,1.3,-13.4,-19.4,956435,5.8,541,3.36,10.5,0.45,2.7,253,25-07-2004 15:00,25-07-2004 20:00,26-07-2004 22:00,,0
25-07-2004 16:00,18.4,-0.8,-2.8,3.1,324940,13.9,560,9.61,-1.74,0.77,5.7,253,25-07-2004 15:00,25-07-2004 20:00,26-07-2004 22:00,,0
25-07-2004 17:00,15.9,0.7,-6,-8.1,285930,9.7,581,6.98,4.71,0.66,5.7,253,25-07-2004 15:00,25-07-2004 20:00,26-07-2004 22:00,,0
26-07-2004 22:00,4.2,0.9,-0.7,-0.9,306602,3.9,654,3.08,0.59,4,15.4,254,26-07-2004 22:49,27-07-2004 02:00,27-07-2004 22:00,-170,1
26-07-2004 23:00,16.7,2.3,-10.4,-8.9,1954360,4.8,897,7.12,7.98,1.49,5.9,254,26-07-2004 22:49,27-07-2004 02:00,27-07-2004 22:00,-170,1
27-07-2004 00:00,18.1,-0.3,-15.5,-6.5,2936811,5.1,988,9.96,6.42,1.99,6.2,254,26-07-2004 22:49,27-07-2004 02:00,27-07-2004 22:00,-170,1
01-08-2004 01:00,5,1.4,1.9,-3,132810,4,483,1.81,1.45,1.74,9.7,255,01-08-2004 01:00,01-08-2004 09:00,02-08-2004 04:00,-33,0
01-08-2004 02:00,6.1,3.5,-1.3,0.8,186469,4.7,486,2.26,-0.39,1.65,8.6,255,01-08-2004 01:00,01-08-2004 09:00,02-08-2004 04:00,-33,0
01-08-2004 03:00,8.1,3.5,-5.2,0.9,283636,6.3,515,3.47,-0.46,1.65,8,255,01-08-2004 01:00,01-08-2004 09:00,02-08-2004 04:00,-33,0
29-08-2004 09:00,3.8,-2.6,1.9,0.7,39189,3.9,397,1.24,-0.28,1.88,10.3,256,29-08-2004 09:09,29-08-2004 19:00,30-08-2004 22:00,-129,1
29-08-2004 10:00,6.1,-4.1,-1.4,4,81556,8.4,445,3.47,-1.78,1.97,10.6,256,29-08-2004 09:09,29-08-2004 19:00,30-08-2004 22:00,-129,1
29-08-2004 11:00,7.4,-4,-2.1,5.7,65315,8.4,444,3.44,-2.53,1.24,8.7,256,29-08-2004 09:09,29-08-2004 19:00,30-08-2004 22:00,-129,1
13-09-2004 20:00,20,11.2,-15.9,3,156298,1.8,392,0.49,-1.18,0.05,1.3,257,13-09-2004 20:03,14-09-2004 15:00,16-09-2004 12:00,-38,0
13-09-2004 21:00,24.3,13,-19.7,1.7,349287,4.8,589,3.16,-1,0.16,2.7,257,13-09-2004 20:03,14-09-2004 15:00,16-09-2004 12:00,-38,0
13-09-2004 22:00,15.1,5.9,-9.5,-4.8,426610,11.7,583,8.13,2.8,1.18,6.6,257,13-09-2004 20:03,14-09-2004 15:00,16-09-2004 12:00,-38,0
17-09-2004 21:00,6.5,0.4,2.8,-2.9,51029,4.9,482,2.23,1.4,0.87,8.2,258,17-09-2004 21:00,18-09-2004 12:00,20-09-2004 00:00,-33,0
17-09-2004 22:00,6.5,3.9,3.5,-3.8,33690,5.2,500,2.46,1.9,0.83,8.8,258,17-09-2004 21:00,18-09-2004 12:00,20-09-2004 00:00,-33,0
17-09-2004 23:00,5.7,3.1,2.4,-4,35777,5.4,501,2.57,2,1.13,10.2,258,17-09-2004 21:00,18-09-2004 12:00,20-09-2004 00:00,-33,0
07-11-2004 18:00,27.6,-4.9,14.7,21.3,562114,24.5,509,13.02,-10.84,0.92,4.6,259,07-11-2004 18:27,07-11-2004 22:00,09-11-2004 10:00,-374,1
07-11-2004 19:00,45.3,-0.2,16.5,29.4,715919,45.6,664,39.89,-19.52,0.78,4.9,259,07-11-2004 18:27,07-11-2004 22:00,09-11-2004 10:00,-374,1
07-11-2004 20:00,35.3,8.6,-7.3,-11.3,1899343,29.6,695,29.7,7.85,2,5.4,259,07-11-2004 18:27,07-11-2004 22:00,09-11-2004 10:00,-374,1
09-11-2004 18:00,7.5,-2.4,-1.4,-2,344505,10.5,655,9.18,1.31,3.67,14.1,260,09-11-2004 18:25,09-11-2004 20:00,11-11-2004 23:00,-263,1
09-11-2004 19:00,25.1,-1.5,9.9,-16.9,689699,21.5,785,28.32,13.27,1.16,7.3,260,09-11-2004 18:25,09-11-2004 20:00,11-11-2004 23:00,-263,1
09-11-2004 20:00,21.6,0.7,-6.3,-12.1,711335,25.8,809,37.56,9.79,1.93,9.5,260,09-11-2004 18:25,09-11-2004 20:00,11-11-2004 23:00,-263,1
11-11-2004 17:00,7,-5.9,2.4,2.4,49082,6.5,572,4.53,-1.37,0.98,10.4,261,11-11-2004 17:10,12-11-2004 08:00,13-11-2004 23:00,-92,1
11-11-2004 18:00,9.9,-8,4.8,3.1,71516,10.7,572,7.34,-1.77,0.91,9.4,261,11-11-2004 17:10,12-11-2004 08:00,13-11-2004 23:00,-92,1
11-11-2004 19:00,10,-8.7,1.9,2.8,115482,6.6,574,4.43,-1.61,0.67,7.4,261,11-11-2004 17:10,12-11-2004 08:00,13-11-2004 23:00,-92,1
11-12-2004 13:00,3.8,1.3,2.4,-2.1,59910,4.3,472,1.91,0.99,2.33,12.9,262,11-12-2004 13:40,12-12-2004 22:00,13-12-2004 19:00,-56,1
11-12-2004 14:00,7,2.3,3.2,-4.3,153592,9.8,508,5.15,2.18,2.35,11.4,262,11-12-2004 13:40,12-12-2004 22:00,13-12-2004 19:00,-56,1
11-12-2004 15:00,7.9,-3.1,-2.4,-2.6,179482,11.3,508,6.08,1.32,2.32,10.8,262,11-12-2004 13:40,12-12-2004 22:00,13-12-2004 19:00,-56,1
27-12-2004 05:00,8.1,5.4,-3.9,0.1,170339,5.3,503,2.72,-0.05,1,7.1,263,27-12-2004 05:00,27-12-2004 16:00,29-12-2004 02:00,-47,0
27-12-2004 06:00,7.3,2.9,-2,4.8,241111,6.5,533,3.76,-2.56,1.87,9.3,263,27-12-2004 05:00,27-12-2004 16:00,29-12-2004 02:00,-47,0
27-12-2004 07:00,8.8,0.2,-4.4,6.7,250096,6.3,551,3.88,-3.69,1.28,7.9,263,27-12-2004 05:00,27-12-2004 16:00,29-12-2004 02:00,-47,0
07-01-2005 09:00,5.9,-3.6,0.2,3,114807,3,524,1.62,-1.57,0.87,7.7,264,07-01-2005 09:22,07-01-2005 15:00,08-01-2005 12:00,-93,1
07-01-2005 10:00,7.6,-2,5.2,-0.5,180662,4.7,561,2.85,0.28,1.05,8,264,07-01-2005 09:22,07-01-2005 15:00,08-01-2005 12:00,-93,1
07-01-2005 11:00,8.2,2,4.8,3.5,133331,4.6,583,3.07,-2.04,0.74,7.6,264,07-01-2005 09:22,07-01-2005 15:00,08-01-2005 12:00,-93,1
08-01-2005 17:00,8.3,7.6,-2.5,-0.8,73406,10,515,4.64,0.41,1.22,9.8,265,08-01-2005 17:00,08-01-2005 21:00,09-01-2005 18:00,,0
08-01-2005 18:00,8.1,7.8,-1.4,0.6,70253,7.8,521,3.72,-0.31,0.98,9,265,08-01-2005 17:00,08-01-2005 21:00,09-01-2005 18:00,,0
08-01-2005 19:00,7.6,7.1,-0.7,2.5,40917,9.4,525,4.55,-1.31,1.15,10.6,265,08-01-2005 17:00,08-01-2005 21:00,09-01-2005 18:00,,0
16-01-2005 11:00,7.4,4.2,-3.2,0.2,185056,5.3,543,3.25,-0.11,1.26,8.4,266,16-01-2005 11:00,16-01-2005 14:00,17-01-2005 07:00,-65,1
16-01-2005 12:00,7.1,0.3,-3.9,3.8,114346,7.9,570,4.85,-2.17,1.58,11.3,266,16-01-2005 11:00,16-01-2005 14:00,17-01-2005 07:00,-65,1
16-01-2005 13:00,4.2,-2.6,2,1.8,83566,16.2,576,9.59,-1.04,8.1,27.6,266,16-01-2005 11:00,16-01-2005 14:00,17-01-2005 07:00,-65,1
18-01-2005 21:00,10.4,-0.4,-0.2,-4.5,821304,2.7,849,4.91,3.82,0.99,6.7,267,18-01-2005 21:00,18-01-2005 23:00,20-01-2005 03:00,-80,1
18-01-2005 22:00,15.3,-0.3,-9.7,-0.6,1068923,1.6,908,2.91,0.54,0.34,3.8,267,18-01-2005 21:00,18-01-2005 23:00,20-01-2005 03:00,-80,1
18-01-2005 23:00,17.5,-14.4,7.4,6.1,571907,1.8,997,3.35,-6.08,0.17,3.8,267,18-01-2005 21:00,18-01-2005 23:00,20-01-2005 03:00,-80,1
21-01-2005 17:00,15.7,1.9,-7.2,-2.6,569620,11.3,793,14.21,2.06,1.33,8.5,268,21-01-2005 17:11,21-01-2005 19:00,22-01-2005 17:00,-97,1
21-01-2005 18:00,26.4,4.2,-1.4,-8.5,666175,22.9,907,37.68,7.71,1.09,8.2,268,21-01-2005 17:11,21-01-2005 19:00,22-01-2005 17:00,-97,1
21-01-2005 19:00,30.4,25.4,13.7,2.3,296020,34.6,950,62.45,-2.19,0.66,9.2,268,21-01-2005 17:11,21-01-2005 19:00,22-01-2005 17:00,-97,1
31-01-2005 09:00,8.3,-4.8,4.8,3.9,586190,2.4,584,1.51,-2.28,1.04,5.5,269,31-01-2005 09:00,31-01-2005 14:00,02-02-2005 09:00,-28,0
31-01-2005 10:00,9.9,-3.8,6.9,4.4,441622,2.3,654,1.97,-2.88,0.56,5,269,31-01-2005 09:00,31-01-2005 14:00,02-02-2005 09:00,-28,0
31-01-2005 11:00,10.2,-4.4,5.2,-3.1,356241,2.2,664,1.76,2.06,0.43,4.8,269,31-01-2005 09:00,31-01-2005 14:00,02-02-2005 09:00,-28,0
17-02-2005 22:00,10.2,-2.7,-2.4,2.4,183479,14.7,420,4.78,-1.01,1.83,7.9,270,17-02-2005 22:00,18-02-2005 14:00,19-02-2005 06:00,-80,1
17-02-2005 23:00,17.8,10.5,0.8,-11.1,212492,16.1,438,5.67,4.86,0.72,4.9,270,17-02-2005 22:00,18-02-2005 14:00,19-02-2005 06:00,-80,1
18-02-2005 00:00,19.4,10.6,4.1,-14.1,240545,12.9,460,5,6.49,0.53,4.3,270,17-02-2005 22:00,18-02-2005 14:00,19-02-2005 06:00,-80,1
20-02-2005 12:00,5.5,-2.8,-2.8,-3.1,91756,5.1,458,2.12,1.42,1.54,9.4,271,20-02-2005 12:00,20-02-2005 12:00,22-02-2005 07:00,-43,0
20-02-2005 13:00,5.5,-2.3,-4.3,-2.4,60783,4.1,440,1.6,1.06,1.07,8.1,271,20-02-2005 12:00,20-02-2005 12:00,22-02-2005 07:00,-43,0
20-02-2005 14:00,5.9,-1.7,-4.9,-2.8,26022,4.1,440,1.53,1.23,0.76,7.6,271,20-02-2005 12:00,20-02-2005 12:00,22-02-2005 07:00,-43,0
22-02-2005 10:00,5.4,-4.1,-1.2,2.8,38477,10.6,369,2.55,-1.03,2.52,11.1,272,22-02-2005 10:00,22-02-2005 14:00,23-02-2005 19:00,-2,0
22-02-2005 11:00,5.5,-5.1,-0.9,1.5,56859,6.3,373,1.64,-0.56,1.6,8.5,272,22-02-2005 10:00,22-02-2005 14:00,23-02-2005 19:00,-2,0
22-02-2005 12:00,5.3,-5.3,0.3,0.7,61846,6.9,373,1.78,-0.26,1.94,9.2,272,22-02-2005 10:00,22-02-2005 14:00,23-02-2005 19:00,-2,0
15-05-2005 02:00,8.6,-2.9,3.9,1.4,113301,4.9,479,2.04,-0.67,0.67,6.2,273,15-05-2005 02:38,15-05-2005 06:00,19-05-2005 00:00,-247,1
15-05-2005 03:00,19.5,-3.8,4.6,5.2,1609487,19.2,819,24.43,-4.26,3.65,9.2,273,15-05-2005 02:38,15-05-2005 06:00,19-05-2005 00:00,-247,1
15-05-2005 04:00,15.3,8.4,2,3.3,1753276,19.2,817,22.6,-2.7,6.42,11.7,273,15-05-2005 02:38,15-05-2005 06:00,19-05-2005 00:00,-247,1
20-05-2005 03:00,4.7,-2.3,-1.1,1.3,53620,13.1,445,4.61,-0.58,4.49,17.1,274,20-05-2005 03:00,20-05-2005 03:00,22-05-2005 02:00,-83,1
20-05-2005 04:00,6.2,-2,-1,-5.8,31199,22,463,8.95,2.69,3.8,17.5,274,20-05-2005 03:00,20-05-2005 03:00,22-05-2005 02:00,-83,1
20-05-2005 05:00,9.6,-1.9,0.7,-8.5,44835,28.6,482,12.87,4.1,2.24,13.4,274,20-05-2005 03:00,20-05-2005 03:00,22-05-2005 02:00,-83,1
28-05-2005 04:00,3.3,-2.3,1.3,1.3,16357,11.5,282,1.63,-0.37,6.36,14.5,275,28-05-2005 04:36,29-05-2005 03:00,29-05-2005 15:00,-33,0
28-05-2005 05:00,6.6,-0.8,6.2,0.5,23528,22.3,316,4.03,-0.16,3.23,11.3,275,28-05-2005 04:36,29-05-2005 03:00,29-05-2005 15:00,-33,0
28-05-2005 06:00,6.7,-3.4,3.9,1.7,25229,29.3,313,5.12,-0.53,4.17,12.6,275,28-05-2005 04:36,29-05-2005 03:00,29-05-2005 15:00,-33,0
29-05-2005 09:00,11.1,-4.4,4.2,9.1,23262,6.3,373,1.55,-3.39,0.32,4.2,276,29-05-2005 09:52,30-05-2005 01:00,30-05-2005 23:00,-113,1
29-05-2005 10:00,18.5,-1.8,0.7,17.6,41536,6,450,2.22,-7.92,0.12,3,276,29-05-2005 09:52,30-05-2005 01:00,30-05-2005 23:00,-113,1
29-05-2005 11:00,17.2,1,-4,16.4,53087,4.6,511,2.29,-8.38,0.12,3.2,276,29-05-2005 09:52,30-05-2005 01:00,30-05-2005 23:00,-113,1
30-05-2005 23:00,8.6,-1.3,8,-1,49296,3.4,478,1.7,0.48,0.34,5.1,277,30-05-2005 23:00,31-05-2005 04:00,01-06-2005 03:00,,0
31-05-2005 00:00,6.6,2.6,3.9,-4,127029,3.9,491,1.91,1.96,0.95,7.3,277,30-05-2005 23:00,31-05-2005 04:00,01-06-2005 03:00,,0
31-05-2005 01:00,6.4,3.8,0.2,-4.9,133718,3.3,491,1.5,2.41,0.88,7,277,30-05-2005 23:00,31-05-2005 04:00,01-06-2005 03:00,,0
12-06-2005 07:00,5,3.3,-2.4,-1.1,63319,24.5,337,5.07,0.37,7.81,16.7,278,12-06-2005 07:45,12-06-2005 15:00,13-06-2005 13:00,-106,1
12-06-2005 08:00,16.3,-5.8,14.2,1.1,75945,43.1,361,10.28,-0.4,1.38,7.3,278,12-06-2005 07:45,12-06-2005 15:00,13-06-2005 13:00,-106,1
12-06-2005 09:00,22.8,-13.5,17.9,4.2,60039,30.9,371,8.07,-1.56,0.47,4.5,278,12-06-2005 07:45,12-06-2005 15:00,13-06-2005 13:00,-106,1
14-06-2005 18:00,4.6,2,3.8,0.7,56171,6.7,448,2.51,-0.31,2.43,12.6,279,14-06-2005 18:35,15-06-2005 05:00,16-06-2005 09:00,-34,0
14-06-2005 19:00,11,0.2,10.3,-0.9,191970,9.8,533,5.23,0.48,1.08,7.6,279,14-06-2005 18:35,15-06-2005 05:00,16-06-2005 09:00,-34,0
14-06-2005 20:00,8.6,0.9,1.9,-3.7,257558,10.6,546,6.56,2.02,2.3,10.3,279,14-06-2005 18:35,15-06-2005 05:00,16-06-2005 09:00,-34,0
16-06-2005 08:00,11.7,6.3,-6.5,7.1,12017,8.2,467,3.62,-3.32,0.35,5.7,280,16-06-2005 08:47,16-06-2005 17:00,17-06-2005 19:00,-40,0
16-06-2005 09:00,18.6,0.5,-2.1,-1.7,118274,5.3,513,2.8,0.87,0.16,3.2,280,16-06-2005 08:47,16-06-2005 17:00,17-06-2005 19:00,-40,0
16-06-2005 10:00,18,-6.9,14.3,-6.7,474546,5.1,538,2.73,3.6,0.39,3.4,280,16-06-2005 08:47,16-06-2005 17:00,17-06-2005 19:00,-40,0
10-07-2005 03:00,11.1,-0.4,8,-7.4,76076,8.1,356,1.85,2.63,0.56,4.6,281,10-07-2005 03:37,10-07-2005 10:00,12-07-2005 04:00,-92,1
10-07-2005 04:00,18.9,2.1,17.2,3,123165,16.6,417,5.38,-1.25,0.49,4.5,281,10-07-2005 03:37,10-07-2005 10:00,12-07-2005 04:00,-92,1
10-07-2005 05:00,23.5,3.9,19.7,8.8,179448,19.7,449,7.51,-3.95,0.46,4.2,281,10-07-2005 03:37,10-07-2005 10:00,12-07-2005 04:00,-92,1
17-07-2005 01:00,5.6,-5.1,0.8,0.9,123875,7.3,423,2.7,-0.38,2.44,10.2,282,17-07-2005 01:34,17-07-2005 14:00,18-07-2005 23:00,-67,1
17-07-2005 02:00,10,-4,0.3,6.7,205175,13.5,481,6.61,-3.22,1.87,8.8,282,17-07-2005 01:34,17-07-2005 14:00,18-07-2005 23:00,-67,1
17-07-2005 03:00,9.3,-3.9,0.8,6.7,222444,13.3,480,6.41,-3.22,2.24,9.4,282,17-07-2005 01:34,17-07-2005 14:00,18-07-2005 23:00,-67,1
09-08-2005 00:00,6.1,5.1,3,-0.3,45270,1.7,541,1.28,0.16,0.33,5.8,283,09-08-2005 00:00,09-08-2005 00:00,09-08-2005 19:00,-23,0
09-08-2005 01:00,5.8,2.9,4.7,1.2,53386,1.2,526,0.83,-0.63,0.27,5,283,09-08-2005 00:00,09-08-2005 00:00,09-08-2005 19:00,-23,0
09-08-2005 02:00,5.2,1.1,4.7,-1.1,32309,1.2,514,0.81,0.57,0.3,5.4,283,09-08-2005 00:00,09-08-2005 00:00,09-08-2005 19:00,-23,0
10-08-2005 06:00,6.2,-3.9,1,-3.3,95680,6.1,430,2.55,1.42,1.48,8.6,284,10-08-2005 06:00,10-08-2005 06:00,10-08-2005 11:00,-47,0
10-08-2005 07:00,7.7,-0.1,3.5,-5.3,97627,5.8,458,2.89,2.43,0.92,7.2,284,10-08-2005 06:00,10-08-2005 06:00,10-08-2005 11:00,-47,0
10-08-2005 08:00,8.9,1.6,3.8,-7.8,55002,4,458,2.11,3.57,0.39,5.1,284,10-08-2005 06:00,10-08-2005 06:00,10-08-2005 11:00,-47,0
23-08-2005 20:00,6.4,-1.1,4.2,3,96318,4.1,467,1.77,-1.4,0.94,7.4,285,23-08-2005 20:00,24-08-2005 00:00,24-08-2005 11:00,-2,0
23-08-2005 21:00,6.3,-3.1,3,2.9,140573,5.5,463,2.32,-1.34,1.55,8.6,285,23-08-2005 20:00,24-08-2005 00:00,24-08-2005 11:00,-2,0
23-08-2005 22:00,7.7,2.1,5.9,3.1,89763,5.2,491,2.41,-1.52,0.8,7.3,285,23-08-2005 20:00,24-08-2005 00:00,24-08-2005 11:00,-2,0
24-08-2005 06:00,19.6,3.2,18.2,-4.3,146803,25.5,518,13.12,2.23,0.76,6.7,286,24-08-2005 06:13,24-08-2005 14:00,24-08-2005 23:00,-216,1
24-08-2005 07:00,23.3,7.5,21.6,-2.9,189815,36.6,558,22.08,1.62,0.89,7.2,286,24-08-2005 06:13,24-08-2005 14:00,24-08-2005 23:00,-216,1
24-08-2005 08:00,28.1,10.3,16.1,11,116232,50.6,553,28.22,-6.08,0.65,7,286,24-08-2005 06:13,24-08-2005 14:00,24-08-2005 23:00,-216,1
02-09-2005 14:00,9.8,-4,6.2,-0.9,213877,8,482,3.45,0.43,1.19,7,287,02-09-2005 14:19,02-09-2005 18:00,03-09-2005 04:00,-60,1
02-09-2005 15:00,14,-1.5,11.6,2.3,370668,10.7,569,6.48,-1.31,1.13,6.6,287,02-09-2005 14:19,02-09-2005 18:00,03-09-2005 04:00,-60,1
02-09-2005 16:00,16.5,-6.4,10.2,-5,356980,8.1,577,5.42,2.88,0.6,5,287,02-09-2005 14:19,02-09-2005 18:00,03-09-2005 04:00,-60,1
11-09-2005 01:00,14.5,5.3,-9.9,3.5,1431782,7.9,976,14.73,-3.42,2.44,9.5,288,11-09-2005 01:14,11-09-2005 05:00,12-09-2005 07:00,-139,1
11-09-2005 02:00,15.3,7,-10.4,1.2,1861455,10,1055,25.58,-1.27,3.54,10.9,288,11-09-2005 01:14,11-09-2005 05:00,12-09-2005 07:00,-139,1
11-09-2005 03:00,18.4,11.2,-12.1,-1.3,1628361,8.4,1015,40.06,1.32,1.81,8,288,11-09-2005 01:14,11-09-2005 05:00,12-09-2005 07:00,-139,1
12-09-2005 06:00,9.2,3.2,-4.6,-3.7,1758482,1.3,925,2.91,3.42,1.21,5.7,289,12-09-2005 06:05,12-09-2005 20:00,13-09-2005 13:00,-88,1
12-09-2005 07:00,8.7,1,-4.9,-0.9,1791140,3.3,1023,9.53,0.92,3.48,10.7,289,12-09-2005 06:05,12-09-2005 20:00,13-09-2005 13:00,-88,1
12-09-2005 08:00,7.6,0.8,1.1,-5.7,968058,4.4,1021,8.92,5.82,3.47,14.1,289,12-09-2005 06:05,12-09-2005 20:00,13-09-2005 13:00,-88,1
13-09-2005 09:00,8.1,4.2,3.6,-5.7,34714,2.1,732,2.27,4.17,0.22,6.5,290,13-09-2005 09:00,13-09-2005 16:00,14-09-2005 08:00,-86,1
13-09-2005 10:00,9,5.1,4.4,-5.7,68117,1.1,745,1.34,4.25,0.11,4.3,290,13-09-2005 09:00,13-09-2005 16:00,14-09-2005 08:00,-86,1
13-09-2005 11:00,8.3,4.8,3.6,-4.2,75368,1,743,1.37,3.12,0.12,4.5,290,13-09-2005 09:00,13-09-2005 16:00,14-09-2005 08:00,-86,1
15-09-2005 06:00,4.2,2.7,-0.7,2.8,81434,1.7,536,0.96,-1.5,0.84,8.3,291,15-09-2005 06:00,15-09-2005 06:00,16-09-2005 18:00,-80,1
15-09-2005 07:00,4.4,3.1,-2.6,-0.9,74407,1.6,523,0.86,0.47,0.7,7.5,291,15-09-2005 06:00,15-09-2005 06:00,16-09-2005 18:00,-80,1
15-09-2005 08:00,3.2,1.8,-1.6,-1.2,60665,2,537,1.12,0.64,1.54,11.9,291,15-09-2005 06:00,15-09-2005 06:00,16-09-2005 18:00,-80,1
20-09-2005 18:00,5.6,-4.2,3,-1.7,48179,1.2,357,0.31,0.61,0.28,3.5,292,20-09-2005 18:00,20-09-2005 18:00,21-09-2005 18:00,-33,0
20-09-2005 19:00,5.5,-1.6,3.7,-1.9,59097,1.2,396,0.38,0.75,0.31,3.9,292,20-09-2005 18:00,20-09-2005 18:00,21-09-2005 18:00,-33,0
20-09-2005 20:00,5.5,-1.8,5.1,-0.1,45322,1.2,396,0.38,0.04,0.29,3.9,292,20-09-2005 18:00,20-09-2005 18:00,21-09-2005 18:00,-33,0
31-10-2005 02:00,5.7,1.7,-4,3.4,44020,5.6,381,1.51,-1.3,1.24,7.9,293,31-10-2005 02:00,31-10-2005 02:00,31-10-2005 19:00,-74,1
31-10-2005 03:00,6.3,-1.8,5.6,1.2,16331,9.9,376,2.4,-0.45,1.5,9.4,293,31-10-2005 02:00,31-10-2005 02:00,31-10-2005 19:00,-74,1
31-10-2005 04:00,8.9,-2.3,7.1,4.7,23439,14.3,394,3.81,-1.85,1.14,8.4,293,31-10-2005 02:00,31-10-2005 02:00,31-10-2005 19:00,-74,1
31-12-2005 00:00,3.5,-0.9,-2.2,-0.9,73337,2.4,556,1.44,0.5,1.64,12.3,294,31-12-2005 00:00,31-12-2005 04:00,01-01-2006 17:00,-30,0
31-12-2005 01:00,3.3,0.6,-1.4,-0.3,141634,3.4,577,2.26,0.17,3.51,16.1,294,31-12-2005 00:00,31-12-2005 04:00,01-01-2006 17:00,-30,0
31-12-2005 02:00,4.6,-1.4,-3.7,-0.2,129466,3.3,591,2.31,0.12,1.67,11.7,294,31-12-2005 00:00,31-12-2005 04:00,01-01-2006 17:00,-30,0
05-02-2006 20:00,9,2.1,-3.6,7.7,12270,18.5,356,3.96,-2.74,1.34,8.5,295,05-02-2006 20:00,05-02-2006 20:00,06-02-2006 12:00,-22,0
05-02-2006 21:00,7.3,2.5,0.2,6.3,21846,17.9,353,3.8,-2.22,2.1,10.2,295,05-02-2006 20:00,05-02-2006 20:00,06-02-2006 12:00,-22,0
05-02-2006 22:00,8.5,3.2,5.3,5.9,22152,10.6,354,2.32,-2.09,0.92,6.8,295,05-02-2006 20:00,05-02-2006 20:00,06-02-2006 12:00,-22,0
13-04-2006 11:00,4,-0.7,-0.2,-0.6,94338,8.7,436,2.97,0.26,5.04,16.1,296,13-04-2006 11:41,13-04-2006 15:00,14-04-2006 07:00,-98,1
13-04-2006 12:00,7.1,4.2,-3.6,-0.3,150059,13.2,461,5.17,0.14,3.03,11.8,296,13-04-2006 11:41,13-04-2006 15:00,14-04-2006 07:00,-98,1
13-04-2006 13:00,10.1,-6.1,0.6,4.8,132204,11.4,480,5.33,-2.3,1.21,8,296,13-04-2006 11:41,13-04-2006 15:00,14-04-2006 07:00,-98,1
14-04-2006 13:00,6.2,5.2,-2.4,-1.1,252476,6.3,542,3.59,0.6,2.6,11,297,14-04-2006 13:00,14-04-2006 13:00,14-04-2006 21:00,,0
14-04-2006 14:00,7.8,4,-4.9,-3,187376,4.6,541,2.71,1.62,0.99,7.4,297,14-04-2006 13:00,14-04-2006 13:00,14-04-2006 21:00,,0
14-04-2006 15:00,8.7,3.5,-6.5,-4.2,161397,4.1,523,2.31,2.2,0.65,6.1,297,14-04-2006 13:00,14-04-2006 13:00,14-04-2006 21:00,,0
09-07-2006 21:00,4.7,-1.2,-4,1.4,37788,4.2,363,1.02,-0.51,1.31,7.9,298,09-07-2006 21:36,10-07-2006 21:00,11-07-2006 19:00,-27,0
09-07-2006 22:00,9.4,-5,-7.3,-0.6,78453,9.3,437,3.35,0.26,0.91,7.1,298,09-07-2006 21:36,10-07-2006 21:00,11-07-2006 19:00,-27,0
09-07-2006 23:00,9.7,-4.5,-7.7,1.9,72102,9.4,436,3.37,-0.83,0.83,6.9,298,09-07-2006 21:36,10-07-2006 21:00,11-07-2006 19:00,-27,0
19-08-2006 11:00,12.4,-4.2,9.5,-5.1,132030,10.3,404,3.23,2.06,0.73,5.2,299,19-08-2006 11:31,20-08-2006 13:00,21-08-2006 16:00,-79,1
19-08-2006 12:00,17.9,4.2,16.4,-1.3,111806,16.5,451,6.08,0.59,0.51,5.1,299,19-08-2006 11:31,20-08-2006 13:00,21-08-2006 16:00,-79,1
19-08-2006 13:00,20,-5.9,14,-7.8,67626,17.7,457,6.62,3.56,0.36,4.8,299,19-08-2006 11:31,20-08-2006 13:00,21-08-2006 16:00,-79,1
30-08-2006 20:00,5.4,-0.7,1.3,4.7,31586,8.7,453,3.48,-2.13,1.99,12.4,300,30-08-2006 20:00,30-08-2006 20:00,01-09-2006 07:00,-35,0
30-08-2006 21:00,4.7,-0.9,-2.5,3.1,32890,9.4,452,3.76,-1.4,2.85,14.7,300,30-08-2006 20:00,30-08-2006 20:00,01-09-2006 07:00,-35,0
30-08-2006 22:00,5.8,0.6,-1.4,5.5,23724,7.4,442,2.71,-2.43,1.39,10.4,300,30-08-2006 20:00,30-08-2006 20:00,01-09-2006 07:00,-35,0
30-09-2006 03:00,4.1,1.5,2,-0.3,26451,29.9,302,5.23,0.09,11.46,20.1,301,30-09-2006 03:00,30-09-2006 08:00,30-09-2006 20:00,-21,0
30-09-2006 04:00,9.9,2.2,6.9,-4.9,56319,6.8,338,1.44,1.66,0.53,4.5,301,30-09-2006 03:00,30-09-2006 08:00,30-09-2006 20:00,-21,0
30-09-2006 05:00,10.7,-4,5,-8.3,120688,4.1,366,1.05,3.04,0.37,3.5,301,30-09-2006 03:00,30-09-2006 08:00,30-09-2006 20:00,-21,0
01-11-2006 17:00,3.3,0.2,0.8,-2.6,60702,6.5,407,1.86,1.06,4.69,15.7,302,01-11-2006 17:00,01-11-2006 17:00,02-11-2006 14:00,-28,0
01-11-2006 18:00,3.2,2,0.9,2,69530,7.6,421,2.33,-0.84,6.11,18.1,302,01-11-2006 17:00,01-11-2006 17:00,02-11-2006 14:00,-28,0
01-11-2006 19:00,4.6,2.5,3.7,-0.1,34383,5.9,409,1.97,0.04,1.89,10.8,302,01-11-2006 17:00,01-11-2006 17:00,02-11-2006 14:00,-28,0
18-11-2006 10:00,8.3,1.1,-8.1,-0.9,21917,0.7,376,0.19,0.34,0.06,1.9,303,18-11-2006 10:00,18-11-2006 10:00,20-11-2006 02:00,-20,0
18-11-2006 11:00,8.7,1.1,-8.4,1.5,27825,0.6,381,0.15,-0.57,0.05,1.7,303,18-11-2006 10:00,18-11-2006 10:00,20-11-2006 02:00,-20,0
18-11-2006 12:00,8.9,1.5,-8.5,0,27029,0.7,382,0.19,0,0.06,1.8,303,18-11-2006 10:00,18-11-2006 10:00,20-11-2006 02:00,-20,0
28-11-2006 13:00,4.4,1,2.9,-2,72345,2.7,490,1.3,0.98,1.16,9.1,304,28-11-2006 13:00,29-11-2006 05:00,30-11-2006 10:00,-66,1
28-11-2006 14:00,3.1,1.2,1.2,1.6,146805,4.6,496,2.26,-0.79,5.48,17.2,304,28-11-2006 13:00,29-11-2006 05:00,30-11-2006 10:00,-66,1
28-11-2006 15:00,4,-2.3,1.3,-0.8,127799,5,491,2.41,0.39,3.33,13.7,304,28-11-2006 13:00,29-11-2006 05:00,30-11-2006 10:00,-66,1
14-12-2006 14:00,7.6,1.3,0.5,-4.1,790520,3.1,772,3.7,3.17,2.05,8.9,305,14-12-2006 14:14,14-12-2006 22:00,15-12-2006 13:00,-162,1
14-12-2006 15:00,12,-3.6,-9,-0.9,1490724,6.7,955,12.22,0.86,3.13,10.3,305,14-12-2006 14:14,14-12-2006 22:00,15-12-2006 13:00,-162,1
14-12-2006 16:00,13,-0.1,-9.8,-0.3,1527913,7.2,948,12.94,0.28,2.94,9.8,305,14-12-2006 14:14,14-12-2006 22:00,15-12-2006 13:00,-162,1
15-12-2006 20:00,3.8,3.1,1.8,-0.6,163228,1.8,562,1.14,0.34,1.51,9.9,306,15-12-2006 20:00,15-12-2006 20:00,16-12-2006 19:00,,0
15-12-2006 21:00,4,0.7,-0.7,-1.4,67072,2.6,596,1.85,0.83,1.32,12,306,15-12-2006 20:00,15-12-2006 20:00,16-12-2006 19:00,,0
15-12-2006 22:00,4.3,-0.8,-2,-3.1,29172,2.9,644,2.41,2,1.03,12.8,306,15-12-2006 20:00,15-12-2006 20:00,16-12-2006 19:00,,0
16-12-2006 17:00,3.3,3.3,0.3,0.3,17212,3.1,565,1.98,-0.17,1.72,15.1,307,16-12-2006 17:55,17-12-2006 00:00,17-12-2006 17:00,-56,1
16-12-2006 18:00,6.7,5.6,1.9,2.8,46288,5.2,602,3.77,-1.69,0.84,10.2,307,16-12-2006 17:55,17-12-2006 00:00,17-12-2006 17:00,-56,1
16-12-2006 19:00,10.2,9.1,2.8,3.3,57348,6.9,643,5.71,-2.12,0.51,8.3,307,16-12-2006 17:55,17-12-2006 00:00,17-12-2006 17:00,-56,1
14-01-2007 12:00,7.3,4.7,-5.5,0.2,19285,1,315,0.2,-0.06,0.12,2.2,308,14-01-2007 12:48,14-01-2007 12:00,15-01-2007 07:00,-18,0
14-01-2007 13:00,6.2,-0.5,-0.9,4.6,13690,4.3,352,1.07,-1.62,0.66,5.9,308,14-01-2007 12:48,14-01-2007 12:00,15-01-2007 07:00,-18,0
14-01-2007 14:00,6.6,-2.8,0.2,5.9,12794,5.4,371,1.49,-2.19,0.73,6.5,308,14-01-2007 12:48,14-01-2007 12:00,15-01-2007 07:00,-18,0
19-11-2007 18:00,4.9,3.5,0.3,2.7,58941,6.9,393,1.96,-1.06,2.24,10.5,309,19-11-2007 18:11,19-11-2007 23:00,20-11-2007 12:00,-59,1
19-11-2007 19:00,6.7,3.9,4.4,2.6,62410,16.6,427,5.34,-1.11,2.93,13,309,19-11-2007 18:11,19-11-2007 23:00,20-11-2007 12:00,-59,1
19-11-2007 20:00,6.7,2.8,3.8,3.1,66900,21.6,429,7.01,-1.33,3.91,14.9,309,19-11-2007 18:11,19-11-2007 23:00,20-11-2007 12:00,-59,1
17-09-2008 00:00,3.4,-1.5,2.7,-1.2,52267,2.1,494,0.93,0.59,1.37,10.5,310,17-09-2008 00:00,17-09-2008 04:00,18-09-2008 08:00,-20,0
17-09-2008 01:00,2.6,-1.6,1.5,-0.4,59523,3.2,498,1.43,0.2,3.7,17.1,310,17-09-2008 00:00,17-09-2008 04:00,18-09-2008 08:00,-20,0
17-09-2008 02:00,3.2,-1.1,2.5,-1.5,48108,2.5,482,1.06,0.72,1.79,11.9,310,17-09-2008 00:00,17-09-2008 04:00,18-09-2008 08:00,-20,0
04-12-2008 04:00,6.2,-4.4,2.4,-0.7,175012,6.5,496,2.96,0.35,2.13,10.2,311,04-12-2008 04:00,04-12-2008 12:00,05-12-2008 11:00,-26,0
04-12-2008 05:00,5.2,-4.6,1.3,1.1,153405,6.5,504,3.02,-0.55,2.82,12.4,311,04-12-2008 04:00,04-12-2008 12:00,05-12-2008 11:00,-26,0
04-12-2008 06:00,5.3,-4.7,1.1,1.3,144849,6.7,501,3.08,-0.65,2.71,12.2,311,04-12-2008 04:00,04-12-2008 12:00,05-12-2008 11:00,-26,0
16-12-2008 11:00,4.5,-2.3,-2.6,0,35189,12.9,354,2.76,0,4.33,14.1,312,16-12-2008 11:59,17-12-2008 03:00,17-12-2008 14:00,-15,0
16-12-2008 12:00,8,-4.5,-5.3,2.9,27317,7.2,366,1.65,-1.06,0.73,6.1,312,16-12-2008 11:59,17-12-2008 03:00,17-12-2008 14:00,-15,0
16-12-2008 13:00,6.7,-4.5,-4.6,-1.3,37261,11.2,368,2.59,0.48,1.72,9.2,312,16-12-2008 11:59,17-12-2008 03:00,17-12-2008 14:00,-15,0
18-01-2009 21:00,4.5,1.3,1,1.2,70429,6.5,361,1.51,-0.43,2.65,10.2,313,18-01-2009 21:00,19-01-2009 02:00,19-01-2009 05:00,-6,0
18-01-2009 22:00,5.3,0.7,1.5,-0.6,70927,8,379,1.97,0.23,2.36,10.1,313,18-01-2009 21:00,19-01-2009 02:00,19-01-2009 05:00,-6,0
18-01-2009 23:00,7.6,-0.9,-6.1,3.4,69736,9.2,440,3.02,-1.5,1.31,8.8,313,18-01-2009 21:00,19-01-2009 02:00,19-01-2009 05:00,-6,0
25-01-2009 22:00,6.1,-2.2,-3.9,-3.1,49397,10.9,330,2.28,1.02,2.17,8.9,314,25-01-2009 22:24,26-01-2009 10:00,26-01-2009 15:00,-29,0
25-01-2009 23:00,6.4,-2.9,0.8,-4.9,66791,13.8,334,2.98,1.64,2.74,9.7,314,25-01-2009 22:24,26-01-2009 10:00,26-01-2009 15:00,-29,0
26-01-2009 00:00,5.6,-2,-1.8,-3.9,78788,14.6,360,3.7,1.4,4.01,12.3,314,25-01-2009 22:24,26-01-2009 10:00,26-01-2009 15:00,-29,0
03-02-2009 20:00,6.9,0.9,-4.7,-4.5,20423,4.9,335,0.94,1.51,0.64,5.4,315,03-02-2009 20:00,04-02-2009 00:00,04-02-2009 16:00,-42,0
03-02-2009 21:00,8.4,-0.1,-6.2,-4.8,29958,8.2,356,1.76,1.71,0.77,6.1,315,03-02-2009 20:00,04-02-2009 00:00,04-02-2009 16:00,-42,0
03-02-2009 22:00,10.2,-0.9,-5.1,-7.9,23538,8,363,1.8,2.87,0.49,5,315,03-02-2009 20:00,04-02-2009 00:00,04-02-2009 16:00,-42,0
03-06-2009 16:00,5.2,2,-4.6,0.8,12791,13.6,309,2.19,-0.25,2.95,11,316,03-06-2009 16:00,04-06-2009 02:00,05-06-2009 16:00,-21,0
03-06-2009 17:00,5.8,3.5,-3.5,-2.5,20666,10.6,323,1.86,0.81,1.95,9.1,316,03-06-2009 16:00,04-06-2009 02:00,05-06-2009 16:00,-21,0
03-06-2009 18:00,5.4,2.1,-4.2,-2.4,20946,13.1,321,2.28,0.77,2.79,10.8,316,03-06-2009 16:00,04-06-2009 02:00,05-06-2009 16:00,-21,0
27-06-2009 14:00,6,3.2,-2.7,-1,69935,7.3,391,2.1,0.39,1.67,8.8,317,27-06-2009 14:00,27-06-2009 16:00,28-06-2009 16:00,-5,0
27-06-2009 15:00,4.7,1.1,0.6,-0.6,92612,8.8,415,2.7,0.25,3.66,13.1,317,27-06-2009 14:00,27-06-2009 16:00,28-06-2009 16:00,-5,0
27-06-2009 16:00,4.8,-2,-2.7,3,61057,10,425,3.15,-1.27,3.42,14,317,27-06-2009 14:00,27-06-2009 16:00,28-06-2009 16:00,-5,0
20-07-2009 14:00,5.7,2.4,-0.4,-4.9,43354,8,305,1.28,1.49,1.76,7.6,318,20-07-2009 14:00,21-07-2009 01:00,22-07-2009 04:00,-83,1
20-07-2009 15:00,5.3,3.5,-1.9,-3.1,47904,9.5,306,1.53,0.95,2.48,8.9,318,20-07-2009 14:00,21-07-2009 01:00,22-07-2009 04:00,-83,1
20-07-2009 16:00,5.8,1.2,-2.4,0.2,49605,5.2,309,0.91,-0.06,1.14,6.1,318,20-07-2009 14:00,21-07-2009 01:00,22-07-2009 04:00,-83,1
30-09-2009 01:00,2.4,0,1.6,0.4,17700,8.3,319,1.45,-0.13,8.76,19.1,319,30-09-2009 01:00,30-09-2009 06:00,01-10-2009 00:00,-7,0
30-09-2009 02:00,5.1,-0.7,2.2,4.1,30306,8.9,340,1.79,-1.39,2.26,9.9,319,30-09-2009 01:00,30-09-2009 06:00,01-10-2009 00:00,-7,0
30-09-2009 03:00,7.5,-1.6,4.5,4.9,50715,7.8,356,1.76,-1.74,1.03,6.6,319,30-09-2009 01:00,30-09-2009 06:00,01-10-2009 00:00,-7,0
29-10-2009 05:00,5.2,1.2,1.3,4.6,23306,9.9,351,2.11,-1.61,2.31,10.6,320,29-10-2009 05:00,29-10-2009 05:00,29-10-2009 23:00,0,0
29-10-2009 06:00,6,0.9,2.7,5.1,20492,7.2,352,1.54,-1.8,1.24,7.9,320,29-10-2009 05:00,29-10-2009 05:00,29-10-2009 23:00,0,0
29-10-2009 07:00,6.5,1.1,-0.7,6.1,15680,5.3,350,1.16,-2.13,0.75,6.2,320,29-10-2009 05:00,29-10-2009 05:00,29-10-2009 23:00,0,0
13-11-2009 20:00,3.8,3.6,0.2,-1,35439,9.6,281,1.39,0.28,4.53,11.5,321,13-11-2009 20:00,14-11-2009 10:00,15-11-2009 00:00,-17,0
13-11-2009 21:00,4.8,2.3,-1.7,2,45428,14.8,297,2.38,-0.59,4.64,11.9,321,13-11-2009 20:00,14-11-2009 10:00,15-11-2009 00:00,-17,0
13-11-2009 22:00,5.1,1.9,-3.2,2.5,56438,19.7,303,3.29,-0.76,5.82,13.2,321,13-11-2009 20:00,14-11-2009 10:00,15-11-2009 00:00,-17,0
12-12-2009 06:00,3.8,1.7,-1.4,2.9,13132,6.1,260,0.71,-0.75,2.49,8.4,322,12-12-2009 06:51,12-12-2009 20:00,13-12-2009 22:00,-2,0
12-12-2009 07:00,5,1.1,0.9,2.5,17584,10.1,277,1.32,-0.69,2.45,8.8,322,12-12-2009 06:51,12-12-2009 20:00,13-12-2009 22:00,-2,0
12-12-2009 08:00,4.8,1.1,-3.5,0.7,17296,12.6,279,1.66,-0.2,3.31,10.3,322,12-12-2009 06:51,12-12-2009 20:00,13-12-2009 22:00,-2,0
19-12-2009 10:00,4.2,1.5,-3,-0.2,71635,2.1,403,0.6,0.08,0.99,7,323,19-12-2009 10:00,19-12-2009 13:00,20-12-2009 17:00,-2,0
19-12-2009 11:00,4.3,-2.9,-3,0.6,67589,2.9,440,0.97,-0.26,1.28,8.7,323,19-12-2009 10:00,19-12-2009 13:00,20-12-2009 17:00,-2,0
19-12-2009 12:00,4.1,-2.4,-3.1,0.6,65391,2.8,437,0.93,-0.26,1.34,8.9,323,19-12-2009 10:00,19-12-2009 13:00,20-12-2009 17:00,-2,0
01-01-2010 22:00,5.6,-1.2,5.2,0.7,16396,13.4,297,2,-0.21,2.57,9.7,324,01-01-2010 22:00,01-01-2010 22:00,03-01-2010 10:00,-4,0
01-01-2010 23:00,6.9,0.6,1.1,5.8,13272,11.7,300,1.81,-1.74,1.45,7.4,324,01-01-2010 22:00,01-01-2010 22:00,03-01-2010 10:00,-4,0
02-01-2010 00:00,7.5,0.9,0.9,7.3,12831,8.9,302,1.4,-2.2,0.93,6,324,01-01-2010 22:00,01-01-2010 22:00,03-01-2010 10:00,-4,0
07-02-2010 17:00,6.2,3.5,-2.8,2.9,88820,5.3,377,1.31,-1.09,1.25,7,325,07-02-2010 17:00,07-02-2010 18:00,08-02-2010 22:00,-22,0
07-02-2010 18:00,6.3,2.1,-2,3.8,87971,5.6,388,1.44,-1.47,1.27,7.3,325,07-02-2010 17:00,07-02-2010 18:00,08-02-2010 22:00,-22,0
07-02-2010 19:00,4.7,0.3,-3.5,-0.6,51169,11.5,406,3.22,0.24,3.89,14.6,325,07-02-2010 17:00,07-02-2010 18:00,08-02-2010 22:00,-22,0
11-02-2010 00:00,4.2,-2.5,-3.3,0.2,16781,3.6,299,0.56,-0.06,1.23,6.8,326,11-02-2010 00:00,11-02-2010 08:00,12-02-2010 03:00,-7,0
11-02-2010 01:00,6.1,-1.3,-4.7,-1.1,42932,7,328,1.4,0.36,1.34,7.1,326,11-02-2010 00:00,11-02-2010 08:00,12-02-2010 03:00,-7,0
11-02-2010 02:00,7.5,-1.5,-6.7,-0.8,70907,11.9,374,3.11,0.3,1.75,8.6,326,11-02-2010 00:00,11-02-2010 08:00,12-02-2010 03:00,-7,0
19-02-2010 15:00,6,-3.4,4.2,2,120491,2.9,485,1.17,-0.97,0.83,6.9,327,19-02-2010 15:00,19-02-2010 15:00,20-02-2010 18:00,-11,0
19-02-2010 16:00,5.7,-2.7,4.3,2.6,62306,3.7,494,1.54,-1.28,0.9,8.3,327,19-02-2010 15:00,19-02-2010 15:00,20-02-2010 18:00,-11,0
19-02-2010 17:00,5.4,-1.8,4.4,2.2,42767,4.4,501,1.89,-1.1,1.07,9.7,327,19-02-2010 15:00,19-02-2010 15:00,20-02-2010 18:00,-11,0
21-02-2010 00:00,6.1,-3.7,3.8,2.8,36044,2.2,388,0.66,-1.09,0.4,4.7,328,21-02-2010 00:00,21-02-2010 00:00,22-02-2010 00:00,-6,0
21-02-2010 01:00,6.1,-4,2.4,3.9,21224,1.8,380,0.53,-1.48,0.3,4.2,328,21-02-2010 00:00,21-02-2010 00:00,22-02-2010 00:00,-6,0
21-02-2010 02:00,6.6,-4.7,1.9,4.1,15774,1.5,368,0.41,-1.51,0.21,3.4,328,21-02-2010 00:00,21-02-2010 00:00,22-02-2010 00:00,-6,0
22-02-2010 13:00,6,-1.9,5.2,1.9,33252,5,351,1.14,-0.67,0.93,6.5,329,22-02-2010 13:00,22-02-2010 13:00,22-02-2010 22:00,-16,0
22-02-2010 14:00,6.4,-2.4,4.4,-0.7,38406,6.2,360,1.61,0.25,1.05,7,329,22-02-2010 13:00,22-02-2010 13:00,22-02-2010 22:00,-16,0
22-02-2010 15:00,6,-2,4.5,-1.4,38009,5.6,369,1.36,0.52,1.08,7.3,329,22-02-2010 13:00,22-02-2010 13:00,22-02-2010 22:00,-16,0
05-04-2010 08:00,9.6,3.6,2.9,-6.9,333170,5.5,631,4.38,4.35,1.15,7.7,330,05-04-2010 08:26,05-04-2010 12:00,06-04-2010 14:00,-81,1
05-04-2010 09:00,13.8,3.9,-3.9,-6.3,1071910,10.2,717,10.49,4.52,2.67,8.3,330,05-04-2010 08:26,05-04-2010 12:00,06-04-2010 14:00,-81,1
05-04-2010 10:00,13.1,0.4,-8.4,0.8,846117,9.7,741,10.65,-0.59,2.29,8.8,330,05-04-2010 08:26,05-04-2010 12:00,06-04-2010 14:00,-81,1
09-04-2010 18:00,2.8,1,-0.6,-0.6,56665,2.6,434,0.96,0.26,2.55,12.5,331,09-04-2010 18:00,09-04-2010 18:00,10-04-2010 16:00,-31,0
09-04-2010 19:00,3.1,-1,-2.4,-1.2,57239,2.2,448,0.86,0.54,1.77,10.7,331,09-04-2010 18:00,09-04-2010 18:00,10-04-2010 16:00,-31,0
09-04-2010 20:00,3.9,-2.4,-2.6,0.1,41938,1.7,461,0.69,-0.05,0.79,7.7,331,09-04-2010 18:00,09-04-2010 18:00,10-04-2010 16:00,-31,0
11-04-2010 13:00,7.3,-0.2,-7.1,-0.1,54702,4.8,408,1.71,0.04,0.69,6.1,332,11-04-2010 13:04,12-04-2010 01:00,12-04-2010 15:00,-67,1
11-04-2010 14:00,9,1.3,-6.6,-2.3,122501,9,442,3.66,1.02,1.16,7.4,332,11-04-2010 13:04,12-04-2010 01:00,12-04-2010 15:00,-67,1
11-04-2010 15:00,8.8,-1.3,-8.4,-0.8,105257,9.8,457,4.21,0.37,1.23,8.1,332,11-04-2010 13:04,12-04-2010 01:00,12-04-2010 15:00,-67,1
30-04-2010 06:00,3.7,2,-3,-0.2,41734,3.2,361,0.83,0.07,1.65,8.7,333,30-04-2010 06:00,30-04-2010 06:00,01-05-2010 12:00,-13,0
30-04-2010 07:00,3.9,2.4,-2.7,-0.7,24556,2.9,374,0.7,0.26,1.21,8.2,333,30-04-2010 06:00,30-04-2010 06:00,01-05-2010 12:00,-13,0
30-04-2010 08:00,3.8,3.2,-1.6,-1.2,16894,3,389,0.78,0.47,1.26,8.9,333,30-04-2010 06:00,30-04-2010 06:00,01-05-2010 12:00,-13,0
28-05-2010 02:00,2.9,2.6,-0.3,-0.7,28860,5.2,315,0.95,0.22,4.04,12.4,334,28-05-2010 02:58,28-05-2010 19:00,29-05-2010 17:00,-80,1
28-05-2010 03:00,4.3,3.4,-0.7,-0.5,74614,11.7,342,2.56,0.17,5.34,13.6,334,28-05-2010 02:58,28-05-2010 19:00,29-05-2010 17:00,-80,1
28-05-2010 04:00,4.6,1.5,0.7,-3,75456,15.2,359,3.61,1.08,6.09,15.2,334,28-05-2010 02:58,28-05-2010 19:00,29-05-2010 17:00,-80,1
20-06-2010 20:00,2.8,-1.8,2.1,-0.4,37942,3,364,0.75,0.15,2.65,11.3,335,20-06-2010 20:00,21-06-2010 06:00,22-06-2010 14:00,-11,0
20-06-2010 21:00,3.8,-2.1,2.9,-1.3,42740,3.2,380,0.85,0.49,1.58,8.9,335,20-06-2010 20:00,21-06-2010 06:00,22-06-2010 14:00,-11,0
20-06-2010 22:00,4.5,-2.4,3.5,-1.2,44464,3.5,385,0.94,0.46,1.24,8,335,20-06-2010 20:00,21-06-2010 06:00,22-06-2010 14:00,-11,0
03-08-2010 17:00,5.2,-0.5,-4.4,0.2,32735,5.5,444,1.97,-0.09,1.36,10,336,03-08-2010 17:41,04-08-2010 10:00,05-08-2010 00:00,-74,1
03-08-2010 18:00,14.4,4.7,-8.6,9.3,202008,6.3,563,3.78,-5.24,0.42,4.9,336,03-08-2010 17:41,04-08-2010 10:00,05-08-2010 00:00,-74,1
03-08-2010 19:00,14.5,5.2,-12.6,-3.2,286757,8.2,581,5.29,1.86,0.67,5.7,336,03-08-2010 17:41,04-08-2010 10:00,05-08-2010 00:00,-74,1
30-10-2010 10:00,3.4,2.4,-1.2,1.4,46017,4.6,361,1.12,-0.51,2.89,11.4,337,30-10-2010 10:15,31-10-2010 05:00,01-11-2010 21:00,-11,0
30-10-2010 11:00,4.5,0.9,-2.5,2.7,65801,7.7,387,2.13,-1.04,3.07,11.9,337,30-10-2010 10:15,31-10-2010 05:00,01-11-2010 21:00,-11,0
30-10-2010 12:00,4.2,1,-2.7,0,75256,7.6,383,2.06,0,3.65,12.6,337,30-10-2010 10:15,31-10-2010 05:00,01-11-2010 21:00,-11,0
28-12-2010 03:00,4.9,0.3,4.4,1,31938,10.6,336,2.02,-0.34,2.94,11.2,338,28-12-2010 03:00,28-12-2010 03:00,28-12-2010 15:00,-43,0
28-12-2010 04:00,3.9,-0.5,3,-0.2,17170,17.7,337,3.37,0.07,7.05,18.2,338,28-12-2010 03:00,28-12-2010 03:00,28-12-2010 15:00,-43,0
28-12-2010 05:00,4,-2.1,3.1,0.5,14055,17.4,333,3.24,-0.17,6.44,17.4,338,28-12-2010 03:00,28-12-2010 03:00,28-12-2010 15:00,-43,0
24-01-2011 07:00,4.8,-0.7,-1,-0.7,55341,7.9,373,2.2,0.26,2.62,10.9,339,24-01-2011 07:00,24-01-2011 10:00,25-01-2011 12:00,-14,0
24-01-2011 08:00,4.4,2.3,2.2,2.8,62901,10,387,3,-1.08,4.11,13.9,339,24-01-2011 07:00,24-01-2011 10:00,25-01-2011 12:00,-14,0
24-01-2011 09:00,3.7,2.1,0.3,1.5,48719,13.6,396,4.27,-0.59,7.32,19.7,339,24-01-2011 07:00,24-01-2011 10:00,25-01-2011 12:00,-14,0
04-02-2011 13:00,8.9,3,-5,4.9,132919,6.5,375,1.86,-1.84,0.89,5.4,340,04-02-2011 13:00,04-02-2011 13:00,04-02-2011 20:00,-63,1
04-02-2011 14:00,12.6,-2.9,4.6,10.8,97959,8.6,413,2.94,-4.46,0.51,4.8,340,04-02-2011 13:00,04-02-2011 13:00,04-02-2011 20:00,-63,1
04-02-2011 15:00,12.1,-1,10.5,3.6,91969,12.2,413,4.27,-1.49,0.76,6,340,04-02-2011 13:00,04-02-2011 13:00,04-02-2011 20:00,-63,1
18-02-2011 01:00,6.2,3.9,0.1,4.3,66763,8.7,379,2.35,-1.63,1.84,9,341,18-02-2011 01:30,18-02-2011 19:00,20-02-2011 08:00,-32,0
18-02-2011 02:00,14,6.5,0.6,11.8,162979,15.6,484,7.52,-5.71,0.96,6.8,341,18-02-2011 01:30,18-02-2011 19:00,20-02-2011 08:00,-32,0
18-02-2011 03:00,10,-3.3,-1.3,2.3,318944,22.1,501,10.63,-1.15,4.11,11.8,341,18-02-2011 01:30,18-02-2011 19:00,20-02-2011 08:00,-32,0
06-03-2011 03:00,4.1,1.5,1.9,2.4,113482,3.2,494,1.59,-1.19,1.92,10.8,342,06-03-2011 03:31,06-03-2011 09:00,08-03-2011 06:00,-27,0
06-03-2011 04:00,6.2,1.1,3.3,2.8,142423,4.6,529,2.6,-1.48,1.35,9.1,342,06-03-2011 03:31,06-03-2011 09:00,08-03-2011 06:00,-27,0
06-03-2011 05:00,5.6,0.6,3,2.2,136065,4.2,539,2.5,-1.19,1.47,9.9,342,06-03-2011 03:31,06-03-2011 09:00,08-03-2011 06:00,-27,0
29-03-2011 16:00,6.3,-1.3,5.4,2,27753,4.2,348,0.88,-0.7,0.69,5.7,343,29-03-2011 16:02,29-03-2011 23:00,31-03-2011 04:00,-4,0
29-03-2011 17:00,7.7,0.2,6.9,3.3,38555,11.3,396,3.04,-1.31,1.32,8.6,343,29-03-2011 16:02,29-03-2011 23:00,31-03-2011 04:00,-4,0
29-03-2011 18:00,6.6,-1.2,4.9,3.6,50815,14.8,378,3.64,-1.36,2.53,11,343,29-03-2011 16:02,29-03-2011 23:00,31-03-2011 04:00,-4,0
28-05-2011 01:00,11.6,5.9,-7.4,-4.7,207528,6.3,471,2.84,2.21,0.65,5.1,344,28-05-2011 01:00,28-05-2011 05:00,28-05-2011 21:00,-80,1
28-05-2011 02:00,11.1,6.2,-8.2,-1.2,313049,6.1,502,3.28,0.6,0.91,5.6,344,28-05-2011 01:00,28-05-2011 05:00,28-05-2011 21:00,-80,1
28-05-2011 03:00,10.8,8,-3.9,1.9,286059,6.4,492,3.03,-0.93,0.95,5.8,344,28-05-2011 01:00,28-05-2011 05:00,28-05-2011 21:00,-80,1
04-06-2011 20:00,5.1,2.2,0.3,3.3,26334,10.2,345,2.21,-1.14,2.52,10.8,345,04-06-2011 20:45,05-06-2011 02:00,05-06-2011 19:00,-45,0
04-06-2011 21:00,16,7.6,-10.9,0.1,79042,29.5,421,9.74,-0.04,0.99,7.1,345,04-06-2011 20:45,05-06-2011 02:00,05-06-2011 19:00,-45,0
04-06-2011 22:00,18.3,6.7,-7.6,-3,164339,40.2,463,17.15,1.39,1.46,8,345,04-06-2011 20:45,05-06-2011 02:00,05-06-2011 19:00,-45,0
17-06-2011 02:00,3.7,-3.1,-0.1,-0.9,212769,3.1,486,1.46,0.44,3.21,11.6,346,17-06-2011 02:41,17-06-2011 05:00,17-06-2011 13:00,-5,0
17-06-2011 03:00,6.5,-3.4,0.6,3.7,255369,5.8,545,3.45,-2.02,2.19,10.1,346,17-06-2011 02:41,17-06-2011 05:00,17-06-2011 13:00,-5,0
17-06-2011 04:00,5.9,-2.3,4.4,0.1,252469,5.5,544,2.86,-0.05,2.5,10.8,346,17-06-2011 02:41,17-06-2011 05:00,17-06-2011 13:00,-5,0
06-07-2011 02:00,2.9,-0.7,-1.7,-0.5,79105,4,382,1.05,0.19,4.11,13.2,347,06-07-2011 02:58,06-07-2011 17:00,07-07-2011 12:00,-28,0
06-07-2011 03:00,4.6,-1.4,-2.7,-1.9,116993,6.5,401,1.88,0.76,3.14,11.1,347,06-07-2011 02:58,06-07-2011 17:00,07-07-2011 12:00,-28,0
06-07-2011 04:00,6.1,1.6,-2.4,0.4,78412,5.1,403,1.5,-0.16,1.18,7.5,347,06-07-2011 02:58,06-07-2011 17:00,07-07-2011 12:00,-28,0
14-07-2011 12:00,4.7,-2.6,1.2,-2.9,78088,2.8,498,1.25,1.44,1.09,8.9,348,14-07-2011 12:00,15-07-2011 04:00,16-07-2011 15:00,-17,0
14-07-2011 13:00,3.5,-2,1.3,-2.1,145824,3.8,518,1.88,1.09,3.54,14.4,348,14-07-2011 12:00,15-07-2011 04:00,16-07-2011 15:00,-17,0
14-07-2011 14:00,4,-1.1,2.2,-1.9,135313,3.7,516,1.81,0.98,2.54,12.4,348,14-07-2011 12:00,15-07-2011 04:00,16-07-2011 15:00,-17,0
04-08-2011 21:00,4.4,1.4,-1.7,3.2,74087,2.3,355,0.5,-1.14,1,6.1,349,04-08-2011 21:53,05-08-2011 05:00,05-08-2011 14:00,-15,0
04-08-2011 22:00,6.7,4.2,-0.2,1,385936,5.1,399,1.49,-0.4,2.43,6.7,349,04-08-2011 21:53,05-08-2011 05:00,05-08-2011 14:00,-15,0
04-08-2011 23:00,9.5,5.1,-4.7,-3.9,236369,5.2,422,1.71,1.65,0.87,5.1,349,04-08-2011 21:53,05-08-2011 05:00,05-08-2011 14:00,-15,0
05-08-2011 17:00,3.7,2,-3,0.3,40254,3.4,396,0.97,-0.12,1.74,9.9,350,05-08-2011 17:51,06-08-2011 22:00,07-08-2011 22:00,-115,1
05-08-2011 18:00,7,2.9,-5.6,-1,96761,9.9,443,3.5,0.44,1.89,10,350,05-08-2011 17:51,06-08-2011 22:00,07-08-2011 22:00,-115,1
05-08-2011 19:00,23.9,8.1,17.9,-5.5,182734,17.1,555,10.38,3.05,0.39,4.8,350,05-08-2011 17:51,06-08-2011 22:00,07-08-2011 22:00,-115,1
08-09-2011 10:00,2.5,-1.6,0.8,-1.1,29493,3.1,353,0.71,0.39,3.26,12.4,351,08-09-2011 10:00,08-09-2011 10:00,09-09-2011 12:00,-7,0
08-09-2011 11:00,2.5,-0.1,2.2,0.3,20376,3.4,352,0.78,-0.11,3.37,13,351,08-09-2011 10:00,08-09-2011 10:00,09-09-2011 12:00,-7,0
08-09-2011 12:00,2.5,-1.3,2.1,0,19722,3.5,342,0.75,0,3.45,12.8,351,08-09-2011 10:00,08-09-2011 10:00,09-09-2011 12:00,-7,0
09-09-2011 12:00,2.8,-1.8,0,1.1,27376,25.6,343,5.25,-0.38,21.16,31,352,09-09-2011 12:42,10-09-2011 03:00,10-09-2011 15:00,-75,1
09-09-2011 13:00,16.2,1.7,-11.8,1.8,200400,37.6,409,11.22,-0.74,1.96,7.7,352,09-09-2011 12:42,10-09-2011 03:00,10-09-2011 15:00,-75,1
09-09-2011 14:00,14.3,2.8,0.1,-1.9,548709,18.7,435,6.5,0.83,2.58,6.6,352,09-09-2011 12:42,10-09-2011 03:00,10-09-2011 15:00,-75,1
16-09-2011 19:00,3.9,3,-1.2,1.3,74229,2,410,0.6,-0.53,1.11,7.4,353,16-09-2011 19:00,16-09-2011 19:00,17-09-2011 05:00,-16,0
16-09-2011 20:00,4.1,0.2,-3.7,-0.4,42169,1.9,423,0.6,0.17,0.8,7.1,353,16-09-2011 19:00,16-09-2011 19:00,17-09-2011 05:00,-16,0
16-09-2011 21:00,3.8,1.9,-3.2,-0.1,28887,1.4,402,0.41,0.04,0.63,6.3,353,16-09-2011 19:00,16-09-2011 19:00,17-09-2011 05:00,-16,0
17-09-2011 03:00,4.5,1.6,-4,-1,19745,3.6,367,0.85,0.37,1.1,7.7,354,17-09-2011 03:43,17-09-2011 14:00,18-09-2011 06:00,-72,1
17-09-2011 04:00,8,3.1,-6.5,1.1,97772,7.9,432,2.67,-0.48,1.16,7.6,354,17-09-2011 03:43,17-09-2011 14:00,18-09-2011 06:00,-72,1
17-09-2011 05:00,8.5,3.4,-7.2,1.5,150105,10.2,456,3.88,-0.68,1.64,8.6,354,17-09-2011 03:43,17-09-2011 14:00,18-09-2011 06:00,-72,1
18-09-2011 10:00,4.9,-0.8,4.4,-1,68319,1.7,444,0.7,0.44,0.58,5.9,355,18-09-2011 10:00,18-09-2011 12:00,18-09-2011 21:00,-30,0
18-09-2011 11:00,4.7,-3.1,2.8,-1.7,55597,1.8,446,0.76,0.76,0.62,6.4,355,18-09-2011 10:00,18-09-2011 12:00,18-09-2011 21:00,-30,0
18-09-2011 12:00,4.6,0.4,4.3,-1.4,57009,1.8,498,0.97,0.7,0.66,7.3,355,18-09-2011 10:00,18-09-2011 12:00,18-09-2011 21:00,-30,0
22-09-2011 03:00,6.7,2.1,-5.5,2.7,117608,3.3,392,0.93,-1.06,0.75,5.3,356,22-09-2011 03:00,22-09-2011 15:00,23-09-2011 03:00,-29,0
22-09-2011 04:00,6.2,1,-4,3,159893,3.5,400,1.04,-1.2,1.09,6,356,22-09-2011 03:00,22-09-2011 15:00,23-09-2011 03:00,-29,0
22-09-2011 05:00,5.8,1.2,-4.3,2.7,159239,3.2,401,0.97,-1.08,1.14,6.2,356,22-09-2011 03:00,22-09-2011 15:00,23-09-2011 03:00,-29,0
26-09-2011 12:00,11.5,5.2,-5.2,-1.8,101709,21.9,380,5.91,0.68,1.58,7.7,357,26-09-2011 12:34,26-09-2011 20:00,28-09-2011 15:00,-118,1
26-09-2011 13:00,25.6,3.8,-5.1,12.1,344768,27,499,14.15,-6.04,0.81,5.1,357,26-09-2011 12:34,26-09-2011 20:00,28-09-2011 15:00,-118,1
26-09-2011 14:00,17.7,-1.5,11.7,-1.9,738410,20.9,533,12.93,1.01,2.41,6.9,357,26-09-2011 12:34,26-09-2011 20:00,28-09-2011 15:00,-118,1
05-10-2011 07:00,5.2,1.3,3.6,0.6,75429,5.4,382,1.49,-0.23,1.69,8.5,358,05-10-2011 07:36,05-10-2011 10:00,05-10-2011 22:00,-43,0
05-10-2011 08:00,9.5,4.8,5.9,1.8,108098,9.2,452,3.42,-0.81,1,7.2,358,05-10-2011 07:36,05-10-2011 10:00,05-10-2011 22:00,-43,0
05-10-2011 09:00,8.6,-0.8,4,-5.8,126607,9.7,449,3.67,2.6,1.39,8.1,358,05-10-2011 07:36,05-10-2011 10:00,05-10-2011 22:00,-43,0
06-10-2011 12:00,7.8,6,4.5,-1.1,70570,15,366,4.47,0.4,2.04,9.1,359,06-10-2011 12:00,06-10-2011 12:00,06-10-2011 23:00,-22,0
06-10-2011 13:00,7,3.5,5.2,-0.7,61873,14.2,365,5.17,0.26,2.29,9.8,359,06-10-2011 12:00,06-10-2011 12:00,06-10-2011 23:00,-22,0
06-10-2011 14:00,8.9,6,6,-1.7,53891,14.1,369,4.67,0.63,1.35,7.8,359,06-10-2011 12:00,06-10-2011 12:00,06-10-2011 23:00,-22,0
07-10-2011 02:00,6.5,-4.1,0.2,3.6,91195,5.5,388,1.99,-1.4,1.19,7,360,07-10-2011 02:47,07-10-2011 02:00,07-10-2011 17:00,-33,0
07-10-2011 03:00,3.6,-0.8,-2.7,-1.2,45473,13.9,382,4.09,0.46,7.76,19.8,360,07-10-2011 02:47,07-10-2011 02:00,07-10-2011 17:00,-33,0
07-10-2011 04:00,4.4,0.8,-0.6,-3.4,34653,11.9,373,3.12,1.27,4.17,14.6,360,07-10-2011 02:47,07-10-2011 02:00,07-10-2011 17:00,-33,0
22-10-2011 21:00,4.9,0.1,-1.8,4.4,10918,5.5,316,0.95,-1.39,1.33,7.6,361,22-10-2011 21:00,22-10-2011 21:00,23-10-2011 16:00,-7,0
22-10-2011 22:00,5.1,0.8,0,4.9,8302,5.3,313,0.9,-1.53,1.16,7.1,361,22-10-2011 21:00,22-10-2011 21:00,23-10-2011 16:00,-7,0
22-10-2011 23:00,5.3,0.8,-3,3.9,10114,6.1,312,1.02,-1.22,1.25,7.3,361,22-10-2011 21:00,22-10-2011 21:00,23-10-2011 16:00,-7,0
24-10-2011 18:00,9.1,4,-5.3,-1.2,142435,14,377,4.21,0.45,1.9,7.8,362,24-10-2011 18:31,24-10-2011 22:00,25-10-2011 16:00,-147,1
24-10-2011 19:00,18.2,4.4,-12.9,-1.9,446721,25.2,495,13.94,0.94,1.82,6.8,362,24-10-2011 18:31,24-10-2011 22:00,25-10-2011 16:00,-147,1
24-10-2011 20:00,17.2,3.6,-13.4,2.8,453597,22.9,495,12.14,-1.39,1.87,6.9,362,24-10-2011 18:31,24-10-2011 22:00,25-10-2011 16:00,-147,1
30-10-2011 10:00,4.7,-3.1,1.6,-2.5,14981,21.3,302,3.27,0.76,5.75,14.8,363,30-10-2011 10:01,31-10-2011 01:00,31-10-2011 15:00,-29,0
30-10-2011 11:00,6.3,-3.5,3,-4.2,18759,27.3,316,4.59,1.33,4.21,13.1,363,30-10-2011 10:01,31-10-2011 01:00,31-10-2011 15:00,-29,0
30-10-2011 12:00,6.7,-2.8,3.8,-4.1,31051,22.7,317,3.9,1.3,3.35,11.3,363,30-10-2011 10:01,31-10-2011 01:00,31-10-2011 15:00,-29,0
01-11-2011 09:00,9.3,-3.2,4.3,-4.4,35195,8.8,389,2.41,1.71,0.69,6.2,364,01-11-2011 09:07,02-11-2011 01:00,03-11-2011 04:00,-66,1
01-11-2011 10:00,13,-2.5,8.1,-7.7,45740,5.9,411,1.84,3.16,0.25,3.8,364,01-11-2011 09:07,02-11-2011 01:00,03-11-2011 04:00,-66,1
01-11-2011 11:00,12,-1.9,7.4,-7.1,50806,5.8,410,1.84,2.91,0.3,4.1,364,01-11-2011 09:07,02-11-2011 01:00,03-11-2011 04:00,-66,1
07-11-2011 15:00,5.4,1.7,-4.1,2.8,42776,9.8,329,1.98,-0.92,2.39,9.5,365,07-11-2011 15:00,07-11-2011 17:00,07-11-2011 23:00,-5,0
07-11-2011 16:00,7.9,-1,-3.3,6.7,38938,13.6,348,3.04,-2.33,1.52,8.1,365,07-11-2011 15:00,07-11-2011 17:00,07-11-2011 23:00,-5,0
07-11-2011 17:00,8.9,-0.6,-3.3,5.9,30808,12.7,353,2.92,-2.08,1.06,7.1,365,07-11-2011 15:00,07-11-2011 17:00,07-11-2011 23:00,-5,0
12-11-2011 05:00,4.7,2.7,-1.5,3.3,45245,1.2,373,0.33,-1.23,0.39,4.3,366,12-11-2011 05:59,13-11-2011 10:00,15-11-2011 02:00,-13,0
12-11-2011 06:00,7.4,4.2,-3.6,4,64613,1.8,415,0.58,-1.66,0.26,3.8,366,12-11-2011 05:59,13-11-2011 10:00,15-11-2011 02:00,-13,0
12-11-2011 07:00,8.7,4,-5.2,5.2,84656,2.2,452,0.82,-2.35,0.26,3.9,366,12-11-2011 05:59,13-11-2011 10:00,15-11-2011 02:00,-13,0
28-11-2011 21:00,6.6,-1.6,-5.8,-0.8,76994,3.7,408,1.09,0.33,0.73,5.9,367,28-11-2011 21:50,29-11-2011 00:00,29-11-2011 08:00,-25,0
28-11-2011 22:00,14.5,-4.3,-10.9,-7.1,199371,7.5,517,3.67,3.67,0.49,4.9,367,28-11-2011 21:50,29-11-2011 00:00,29-11-2011 08:00,-25,0
28-11-2011 23:00,11.2,-4,-8.8,-4.6,402449,10.7,514,5.23,2.36,1.88,7.5,367,28-11-2011 21:50,29-11-2011 00:00,29-11-2011 08:00,-25,0
02-12-2011 17:00,6.3,-0.6,4.5,3.4,36554,5.7,402,1.57,-1.37,0.99,7.6,368,02-12-2011 17:17,02-12-2011 18:00,03-12-2011 07:00,-14,0
02-12-2011 18:00,7.5,-0.2,4.3,0.2,47702,9.4,398,2.56,-0.08,1.22,8.1,368,02-12-2011 17:17,02-12-2011 18:00,03-12-2011 07:00,-14,0
02-12-2011 19:00,7.3,-3.7,1.8,-5.3,36042,6.9,372,1.65,1.97,0.89,6.7,368,02-12-2011 17:17,02-12-2011 18:00,03-12-2011 07:00,-14,0
25-12-2011 02:00,4.8,3.4,1.1,-3,106923,3.4,354,0.79,1.06,1.44,6.8,369,25-12-2011 02:00,25-12-2011 02:00,25-12-2011 17:00,-7,0
25-12-2011 03:00,5.1,3.7,1.9,-2.8,93808,4.4,357,0.99,1,1.56,7.3,369,25-12-2011 02:00,25-12-2011 02:00,25-12-2011 17:00,-7,0
25-12-2011 04:00,4.7,2.8,1.4,-2.9,73563,6.4,366,1.48,1.06,2.43,9.9,369,25-12-2011 02:00,25-12-2011 02:00,25-12-2011 17:00,-7,0
29-12-2011 22:00,6.6,4.5,-4.5,0.5,41360,14.1,432,4.75,-0.22,2.29,12.3,370,29-12-2011 22:00,29-12-2011 22:00,30-12-2011 09:00,-16,0
29-12-2011 23:00,8.8,7,-5.2,0.1,85470,3.2,423,1.1,-0.04,0.37,4.3,370,29-12-2011 22:00,29-12-2011 22:00,30-12-2011 09:00,-16,0
30-12-2011 00:00,8.8,6.6,-5.8,-0.8,110705,2.1,426,0.73,0.34,0.27,3.5,370,29-12-2011 22:00,29-12-2011 22:00,30-12-2011 09:00,-16,0
21-01-2012 05:00,6.9,-3.3,-2.7,-5.4,17467,7.7,324,1.53,1.75,0.98,6.5,371,21-01-2012 05:01,21-01-2012 06:00,22-01-2012 08:00,-10,0
21-01-2012 06:00,7,-2.5,-3.6,-5.3,16389,8.3,325,1.74,1.72,1.02,6.7,371,21-01-2012 05:01,21-01-2012 06:00,22-01-2012 08:00,-10,0
21-01-2012 07:00,6.9,-2.2,-4,-4.9,15140,10.7,327,2.36,1.6,1.34,7.8,371,21-01-2012 05:01,21-01-2012 06:00,22-01-2012 08:00,-10,0
22-01-2012 06:00,19.2,-2.4,0,18.8,46010,28.7,363,7,-6.82,0.56,5.1,372,22-01-2012 06:11,22-01-2012 23:00,23-01-2012 07:00,-71,1
22-01-2012 07:00,25.5,-2.9,8.2,21,118932,48.5,398,14.32,-8.36,0.77,5.4,372,22-01-2012 06:11,22-01-2012 23:00,23-01-2012 07:00,-71,1
22-01-2012 08:00,20.7,-0.8,6.3,-7.5,176350,49.1,418,15.93,3.13,1.45,7.1,372,22-01-2012 06:11,22-01-2012 23:00,23-01-2012 07:00,-71,1
14-02-2012 07:00,5.9,3.7,-2.5,-3.1,56398,7.8,363,2.05,1.13,1.72,8.6,373,14-02-2012 07:00,14-02-2012 21:00,16-02-2012 06:00,-67,1
14-02-2012 08:00,7,3.3,-5.1,1,82631,11.1,389,3.49,-0.39,1.99,9.3,373,14-02-2012 07:00,14-02-2012 21:00,16-02-2012 06:00,-67,1
14-02-2012 09:00,6.3,0.6,-3.4,2.3,100341,12.4,401,4.01,-0.92,2.97,11.2,373,14-02-2012 07:00,14-02-2012 21:00,16-02-2012 06:00,-67,1
16-02-2012 07:00,6.5,-1.7,4.2,0.1,82519,5.7,397,1.9,-0.04,1.18,7.3,374,16-02-2012 07:00,16-02-2012 14:00,18-02-2012 00:00,-22,0
16-02-2012 08:00,5.7,-3.8,0.5,-1,70345,8.2,403,2.54,0.4,2.09,10.1,374,16-02-2012 07:00,16-02-2012 14:00,18-02-2012 00:00,-22,0
16-02-2012 09:00,6.1,-2.7,0.7,2.4,55510,9.7,398,2.93,-0.96,1.99,10.2,374,16-02-2012 07:00,16-02-2012 14:00,18-02-2012 00:00,-22,0
26-02-2012 21:00,4.4,-1.4,1.7,-0.1,103982,4.9,413,1.7,0.04,2.45,10.4,375,26-02-2012 21:39,27-02-2012 19:00,28-02-2012 16:00,-57,1
26-02-2012 22:00,6.3,1.8,3.7,2.2,170248,13.5,488,6.74,-1.07,4.23,14.2,375,26-02-2012 21:39,27-02-2012 19:00,28-02-2012 16:00,-57,1
26-02-2012 23:00,7.2,-0.3,1.2,0.6,149026,14.7,473,6.63,-0.28,3.27,12.6,375,26-02-2012 21:39,27-02-2012 19:00,28-02-2012 16:00,-57,1
29-02-2012 05:00,4.9,0.8,-3.3,-1.7,39454,10.3,438,3.63,0.74,2.99,14.3,376,29-02-2012 05:00,29-02-2012 05:00,01-03-2012 00:00,-22,0
29-02-2012 06:00,6.8,-5.1,-0.3,4,37739,5.1,449,1.96,-1.8,0.76,7.5,376,29-02-2012 05:00,29-02-2012 05:00,01-03-2012 00:00,-22,0
29-02-2012 07:00,5.9,-1.8,4,0.9,52913,6.9,457,2.76,-0.41,1.49,10.2,376,29-02-2012 05:00,29-02-2012 05:00,01-03-2012 00:00,-22,0
02-03-2012 21:00,4.8,1.7,-3.9,1.2,72760,4.5,419,1.45,-0.5,1.63,9.3,377,02-03-2012 21:00,02-03-2012 21:00,04-03-2012 02:00,-50,1
02-03-2012 22:00,6.5,0.7,-6.2,-0.3,38879,4.3,424,1.4,0.13,0.71,6.8,377,02-03-2012 21:00,02-03-2012 21:00,04-03-2012 02:00,-50,1
02-03-2012 23:00,6.6,-0.2,-4.8,-4.1,42666,4.9,423,1.59,1.73,0.8,7.1,377,02-03-2012 21:00,02-03-2012 21:00,04-03-2012 02:00,-50,1
06-03-2012 08:00,10.4,1,-8.4,6,11836,5.8,381,1.45,-2.29,0.31,4.4,378,06-03-2012 08:00,06-03-2012 08:00,06-03-2012 15:00,-23,0
06-03-2012 09:00,10.3,2.4,-8.9,4.6,12094,6.1,380,1.51,-1.75,0.34,4.6,378,06-03-2012 08:00,06-03-2012 08:00,06-03-2012 15:00,-23,0
06-03-2012 10:00,10.4,1.4,-9.2,4.5,11349,7,385,1.8,-1.73,0.38,4.9,378,06-03-2012 08:00,06-03-2012 08:00,06-03-2012 15:00,-23,0
08-03-2012 11:00,18.3,-4.6,-6.8,14.1,241847,12.6,695,11.46,-9.8,0.58,6.7,379,08-03-2012 11:03,09-03-2012 03:00,11-03-2012 07:00,-145,1
08-03-2012 12:00,16.7,1.9,-2.5,9.1,589126,13.8,705,13.56,-6.42,1.48,7.8,379,08-03-2012 11:03,09-03-2012 03:00,11-03-2012 07:00,-145,1
08-03-2012 13:00,13.2,-3,-6,0.5,585978,16,680,14.13,-0.34,2.73,10.3,379,08-03-2012 11:03,09-03-2012 03:00,11-03-2012 07:00,-145,1
15-03-2012 13:00,11.2,0.7,-3.8,6.8,392935,7.3,665,6.17,-4.52,1.26,8,380,15-03-2012 13:06,15-03-2012 17:00,16-03-2012 10:00,-88,1
15-03-2012 14:00,11.1,4.1,-3.4,-6.6,604129,9.2,702,9.18,4.63,2.28,9.6,380,15-03-2012 13:06,15-03-2012 17:00,16-03-2012 10:00,-88,1
15-03-2012 15:00,11.7,7.1,-2.8,-4.5,501711,7.8,701,8.01,3.15,1.49,8.4,380,15-03-2012 13:06,15-03-2012 17:00,16-03-2012 10:00,-88,1
23-04-2012 03:00,6.6,0.3,4.8,4.2,56988,16.4,353,3.63,-1.48,2.9,10.8,381,23-04-2012 03:20,23-04-2012 17:00,24-04-2012 05:00,-120,1
23-04-2012 04:00,7.9,0.1,1.6,1.5,59640,38.8,393,11.25,-0.59,4.86,15.5,381,23-04-2012 03:20,23-04-2012 17:00,24-04-2012 05:00,-120,1
23-04-2012 05:00,12.9,-1,-7.5,-8.3,92346,18.5,389,5.42,3.23,1.02,6.5,381,23-04-2012 03:20,23-04-2012 17:00,24-04-2012 05:00,-120,1
25-04-2012 17:00,7.9,3.4,-4.2,-3.2,506527,2.1,680,2.06,2.18,0.89,6.2,382,25-04-2012 17:00,26-04-2012 00:00,27-04-2012 18:00,-57,1
25-04-2012 18:00,8.5,1.9,-6.1,-3.9,540460,1.9,699,1.73,2.73,0.73,5.7,382,25-04-2012 17:00,26-04-2012 00:00,27-04-2012 18:00,-57,1
25-04-2012 19:00,9.3,2.3,-5.2,-5.8,593481,1.2,723,1.17,4.19,0.42,4.3,382,25-04-2012 17:00,26-04-2012 00:00,27-04-2012 18:00,-57,1
16-05-2012 16:00,4.4,0.4,2.4,-2.6,24372,9.8,403,2.75,1.05,3.22,14.3,383,16-05-2012 16:00,16-05-2012 16:00,17-05-2012 22:00,-39,0
16-05-2012 17:00,5.9,2.5,-1.6,-4.4,13248,5.4,392,1.42,1.72,0.91,7.7,383,16-05-2012 16:00,16-05-2012 16:00,17-05-2012 22:00,-39,0
16-05-2012 18:00,6.8,1.2,1,-6.5,12911,3.2,390,0.84,2.54,0.41,5.1,383,16-05-2012 16:00,16-05-2012 16:00,17-05-2012 22:00,-39,0
08-06-2012 07:00,4.4,-0.6,-3.8,-0.9,93888,1.9,603,1.35,0.54,0.91,9.4,384,08-06-2012 07:00,08-06-2012 10:00,10-06-2012 14:00,-12,0
08-06-2012 08:00,3.5,-0.2,-2.1,-1.7,153453,2.3,601,1.65,1.02,2.2,13,384,08-06-2012 07:00,08-06-2012 10:00,10-06-2012 14:00,-12,0
08-06-2012 09:00,3.7,1.4,-2.4,-1.8,148750,2.4,590,1.67,1.06,2.02,12.4,384,08-06-2012 07:00,08-06-2012 10:00,10-06-2012 14:00,-12,0
16-06-2012 20:00,13.8,-0.2,7.8,8.5,85667,27.8,446,10.01,-3.79,1.3,8.5,385,16-06-2012 20:19,16-06-2012 23:00,17-06-2012 12:00,-86,1
16-06-2012 21:00,24.2,-3.9,10.4,12.1,145898,42.3,496,19.12,-6,0.82,6.7,385,16-06-2012 20:19,16-06-2012 23:00,17-06-2012 12:00,-86,1
16-06-2012 22:00,30.8,-10.2,11.7,19.8,80780,66.8,517,36.5,-10.24,0.61,6.9,385,16-06-2012 20:19,16-06-2012 23:00,17-06-2012 12:00,-86,1
04-07-2012 19:00,5.2,2.1,-2.7,3.6,72776,2,521,1.13,-1.88,0.62,7.1,386,04-07-2012 19:00,05-07-2012 00:00,06-07-2012 08:00,-19,0
04-07-2012 20:00,6.1,2.2,-4.6,2.5,67040,2.2,535,1.29,-1.34,0.48,6.5,386,04-07-2012 19:00,05-07-2012 00:00,06-07-2012 08:00,-19,0
04-07-2012 21:00,6.3,2.3,-5.2,2,63968,2.2,537,1.27,-1.07,0.44,6.3,386,04-07-2012 19:00,05-07-2012 00:00,06-07-2012 08:00,-19,0
08-07-2012 08:00,5.5,-0.6,-4.6,2,16896,12.4,405,4.13,-0.81,2.48,13,387,08-07-2012 08:00,09-07-2012 00:00,09-07-2012 14:00,-78,1
08-07-2012 09:00,9.2,-0.7,-9,1.3,27461,12.5,423,4.53,-0.55,0.96,8.1,387,08-07-2012 08:00,09-07-2012 00:00,09-07-2012 14:00,-78,1
08-07-2012 10:00,8.8,4.2,4.1,0.5,34468,17.3,418,6.02,-0.21,1.51,9.9,387,08-07-2012 08:00,09-07-2012 00:00,09-07-2012 14:00,-78,1
14-07-2012 18:00,11,-2.6,6.2,-7,123355,6.6,419,2.48,2.93,0.57,4.9,388,14-07-2012 18:09,15-07-2012 06:00,17-07-2012 05:00,-139,1
14-07-2012 19:00,14.6,-0.8,10.8,-7.4,246855,8.7,574,5.73,4.25,0.64,5.8,388,14-07-2012 18:09,15-07-2012 06:00,17-07-2012 05:00,-139,1
14-07-2012 20:00,11.2,-3.8,6.4,-6.5,356942,10.1,569,7.78,3.7,1.63,8.1,388,14-07-2012 18:09,15-07-2012 06:00,17-07-2012 05:00,-139,1
21-07-2012 16:00,10.4,0.4,-8.5,4.7,155151,6,500,2.96,-2.35,0.65,5.9,389,21-07-2012 16:12,22-07-2012 11:00,23-07-2012 16:00,-28,0
21-07-2012 17:00,13,6.5,3.4,8.5,133931,4.6,503,2.25,-4.28,0.3,4.1,389,21-07-2012 16:12,22-07-2012 11:00,23-07-2012 16:00,-28,0
21-07-2012 18:00,11.8,4.2,4.8,9.6,105930,4.2,516,2.09,-4.95,0.29,4.5,389,21-07-2012 16:12,22-07-2012 11:00,23-07-2012 16:00,-28,0
01-09-2012 06:00,2.6,0.4,0,-0.6,18313,16.3,310,3,0.19,14.71,24.1,390,01-09-2012 06:00,01-09-2012 07:00,03-09-2012 15:00,-69,1
01-09-2012 07:00,2.7,0.7,2.5,0,14602,18,304,3.36,0,14.69,23.9,390,01-09-2012 06:00,01-09-2012 07:00,03-09-2012 15:00,-69,1
01-09-2012 08:00,4.5,0.7,2.9,0.2,17523,18.5,317,3.6,-0.06,5.54,15.1,390,01-09-2012 06:00,01-09-2012 07:00,03-09-2012 15:00,-69,1
03-09-2012 12:00,13.6,3.1,7.7,-6.7,88992,17.8,352,4.58,2.36,0.87,5.5,391,03-09-2012 12:13,04-09-2012 11:00,05-09-2012 02:00,-61,1
03-09-2012 13:00,19.8,-3,13.3,-9.9,155042,22.8,428,9.04,4.24,0.69,5.2,391,03-09-2012 12:13,04-09-2012 11:00,05-09-2012 02:00,-61,1
03-09-2012 14:00,14,-2.3,9.9,-8,158444,24.2,430,9.74,3.44,1.47,7.6,391,03-09-2012 12:13,04-09-2012 11:00,05-09-2012 02:00,-61,1
04-09-2012 22:00,7.3,-6.1,3.3,-1.7,30139,1.8,436,0.73,0.74,0.22,4,392,04-09-2012 22:45,05-09-2012 06:00,05-09-2012 18:00,-64,1
04-09-2012 23:00,11.5,-8.5,4.8,-5.2,51458,3.1,465,1.62,2.42,0.18,3.6,392,04-09-2012 22:45,05-09-2012 06:00,05-09-2012 18:00,-64,1
05-09-2012 00:00,12.5,-9,4.4,-5.5,138614,4.4,483,2.35,2.66,0.31,4.1,392,04-09-2012 22:45,05-09-2012 06:00,05-09-2012 18:00,-64,1
06-09-2012 02:00,7.3,-2.7,-1.9,-2.2,54325,14.5,441,5.63,0.97,2.07,11.5,393,06-09-2012 02:00,06-09-2012 02:00,06-09-2012 15:00,-32,0
06-09-2012 03:00,10.5,2.2,-5.6,8,44638,3.2,449,1.29,-3.59,0.21,3.8,393,06-09-2012 02:00,06-09-2012 02:00,06-09-2012 15:00,-32,0
06-09-2012 04:00,10.6,2.5,-2.7,9.9,12039,3.5,446,1.33,-4.42,0.18,3.9,393,06-09-2012 02:00,06-09-2012 02:00,06-09-2012 15:00,-32,0
30-09-2012 11:00,2.7,0.4,0,0.9,18034,16.3,280,2.63,-0.25,13.62,20.9,394,30-09-2012 11:31,30-09-2012 14:00,30-09-2012 20:00,-39,0
30-09-2012 12:00,5.1,0.3,-3.7,-1.8,33059,32.2,306,6.2,0.55,8.31,17,394,30-09-2012 11:31,30-09-2012 14:00,30-09-2012 20:00,-39,0
30-09-2012 13:00,4,-1.1,-2,-1.8,35666,31.8,301,6.22,0.54,13.56,21.2,394,30-09-2012 11:31,30-09-2012 14:00,30-09-2012 20:00,-39,0
30-09-2012 23:00,9.9,0.7,2.8,-8,70666,15,349,3.25,2.79,1.27,6.8,395,30-09-2012 23:05,01-10-2012 00:00,02-10-2012 00:00,-122,1
01-10-2012 00:00,18.2,-0.5,-2.1,-17.1,89107,23,394,6.49,6.74,0.63,5.2,395,30-09-2012 23:05,01-10-2012 00:00,02-10-2012 00:00,-122,1
01-10-2012 01:00,20.6,2,5.1,-19.2,36286,13.9,391,3.72,7.51,0.22,3.5,395,30-09-2012 23:05,01-10-2012 00:00,02-10-2012 00:00,-122,1
02-10-2012 22:00,4.8,1.2,0.2,3.3,43716,7.2,337,1.53,-1.11,2.24,9.4,396,02-10-2012 22:00,02-10-2012 22:00,03-10-2012 06:00,-32,0
02-10-2012 23:00,6,3.2,1.8,4.1,34658,5.6,339,1.18,-1.39,1.05,6.7,396,02-10-2012 22:00,02-10-2012 22:00,03-10-2012 06:00,-32,0
03-10-2012 00:00,7.6,2.9,5.4,-3.8,7246,1.6,312,0.33,1.19,0.16,2.6,396,02-10-2012 22:00,02-10-2012 22:00,03-10-2012 06:00,-32,0
08-10-2012 05:00,10.9,-5,4,-7.9,67100,9.4,338,2.04,2.67,0.64,4.8,397,08-10-2012 05:16,08-10-2012 18:00,09-10-2012 12:00,-107,1
08-10-2012 06:00,15.2,-4,2.2,-11.3,93573,15.2,382,4.16,4.32,0.61,4.9,397,08-10-2012 05:16,08-10-2012 18:00,09-10-2012 12:00,-107,1
08-10-2012 07:00,15.2,-4.2,0.7,-14.3,85934,14.1,373,3.66,5.33,0.54,4.6,397,08-10-2012 05:16,08-10-2012 18:00,09-10-2012 12:00,-107,1
12-10-2012 19:00,6.5,-3.6,-5.2,0.7,45540,4.3,504,2.06,-0.35,0.74,8,398,12-10-2012 19:00,12-10-2012 22:00,13-10-2012 10:00,-90,1
12-10-2012 20:00,7.8,-3.2,-6.7,1.9,60497,1.6,517,0.78,-0.98,0.21,4.2,398,12-10-2012 19:00,12-10-2012 22:00,13-10-2012 10:00,-90,1
12-10-2012 21:00,8.4,-5.7,-5.9,0.8,92253,0.7,479,0.31,-0.38,0.09,2.4,398,12-10-2012 19:00,12-10-2012 22:00,13-10-2012 10:00,-90,1
31-10-2012 15:00,5.2,0.4,-4.2,0.7,36187,13.7,301,2.5,-0.21,3.47,10.7,399,31-10-2012 15:38,01-11-2012 00:00,02-11-2012 03:00,-65,1
31-10-2012 16:00,8.2,-0.3,-6,4.7,68499,31,346,7.64,-1.63,3.78,11.7,399,31-10-2012 15:38,01-11-2012 00:00,02-11-2012 03:00,-65,1
31-10-2012 17:00,10,0.4,-9.1,3.3,89692,26.5,349,6.55,-1.15,2.4,9,399,31-10-2012 15:38,01-11-2012 00:00,02-11-2012 03:00,-65,1
09-11-2012 03:00,3.6,0.7,-1.6,1.6,42359,3.4,380,0.98,-0.61,1.86,9.7,400,09-11-2012 03:00,09-11-2012 03:00,09-11-2012 15:00,1,0
09-11-2012 04:00,3,0.8,-2,0.4,37248,3.7,379,1.02,-0.15,2.83,12.2,400,09-11-2012 03:00,09-11-2012 03:00,09-11-2012 15:00,1,0
09-11-2012 05:00,2.8,1.4,-2.2,-0.8,17898,4.1,375,1.07,0.3,3.18,13.6,400,09-11-2012 03:00,09-11-2012 03:00,09-11-2012 15:00,1,0
12-11-2012 23:00,10.9,-4.1,6.1,-4.9,40244,30.6,337,6.29,1.65,1.81,8.6,401,12-11-2012 23:11,13-11-2012 08:00,14-11-2012 03:00,-108,1
13-11-2012 00:00,18,4.6,-4.2,-4,87479,31.4,385,8.83,1.54,0.87,6,401,12-11-2012 23:11,13-11-2012 08:00,14-11-2012 03:00,-108,1
13-11-2012 01:00,21.6,5.1,-16.2,1.6,220305,13.8,424,5.75,-0.68,0.43,3.6,401,12-11-2012 23:11,13-11-2012 08:00,14-11-2012 03:00,-108,1
23-11-2012 21:00,5.6,3.3,2.8,-3.4,30665,6.3,322,1.3,1.09,1.33,7.2,402,23-11-2012 21:52,24-11-2012 12:00,25-11-2012 10:00,-40,0
23-11-2012 22:00,12.8,8.1,7.6,-4.9,67605,15.3,382,4.55,1.87,0.76,5.8,402,23-11-2012 21:52,24-11-2012 12:00,25-11-2012 10:00,-40,0
23-11-2012 23:00,14.6,11.2,7.6,-5.4,73020,18.6,396,5.79,2.14,0.73,5.8,402,23-11-2012 21:52,24-11-2012 12:00,25-11-2012 10:00,-40,0
26-11-2012 05:00,8.2,3.2,-0.9,6.3,129295,6,497,2.85,-3.13,0.96,7.4,403,26-11-2012 05:12,26-11-2012 12:00,28-11-2012 05:00,-8,0
26-11-2012 06:00,8.8,3.1,-0.3,6.7,251662,8.2,524,4.45,-3.51,1.67,8.5,403,26-11-2012 05:12,26-11-2012 12:00,28-11-2012 05:00,-8,0
26-11-2012 07:00,8.3,1.9,-4,3,289973,8,534,4.4,-1.6,2.02,9.1,403,26-11-2012 05:12,26-11-2012 12:00,28-11-2012 05:00,-8,0
28-11-2012 18:00,3.8,3.5,-0.2,1.2,24158,1.9,364,0.47,-0.44,0.83,6.6,404,28-11-2012 18:00,28-11-2012 18:00,29-11-2012 14:00,-1,0
28-11-2012 19:00,4,3.5,-1.2,0.4,18460,1.7,366,0.45,-0.15,0.65,6,404,28-11-2012 18:00,28-11-2012 18:00,29-11-2012 14:00,-1,0
28-11-2012 20:00,4.2,4.1,-0.7,-0.3,29163,1.5,359,0.4,0.11,0.56,5.2,404,28-11-2012 18:00,28-11-2012 18:00,29-11-2012 14:00,-1,0
14-12-2012 02:00,6.4,-1.1,2.1,4.7,14327,7.4,288,1.1,-1.35,1.07,6.1,405,14-12-2012 02:00,14-12-2012 07:00,14-12-2012 17:00,9,0
14-12-2012 03:00,4,0.5,-1.5,-1.7,16149,13,292,1.95,0.5,4.88,13.2,405,14-12-2012 02:00,14-12-2012 07:00,14-12-2012 17:00,9,0
14-12-2012 04:00,6.9,0.5,0.5,6.7,24784,7.6,303,1.27,-2.03,1.02,6.1,405,14-12-2012 02:00,14-12-2012 07:00,14-12-2012 17:00,9,0
17-01-2013 16:00,14.5,-1.7,12.3,-4.6,82715,13.1,397,4.01,1.83,0.55,5,406,17-01-2013 16:00,17-01-2013 16:00,18-01-2013 12:00,-52,1
17-01-2013 17:00,14.7,0.7,-7.6,-11.2,41787,5.9,402,1.76,4.5,0.19,3.3,406,17-01-2013 16:00,17-01-2013 16:00,18-01-2013 12:00,-52,1
17-01-2013 18:00,14.7,0.9,-8.9,-11.6,53622,1.2,387,0.34,4.49,0.04,1.4,406,17-01-2013 16:00,17-01-2013 16:00,18-01-2013 12:00,-52,1
18-01-2013 12:00,14.6,-5.5,0,12.6,57057,10.2,429,3.55,-5.41,0.37,4.7,407,18-01-2013 12:37,19-01-2013 00:00,19-01-2013 17:00,-25,0
18-01-2013 13:00,8.7,-4,-0.1,5.7,61497,28.6,453,11.45,-2.58,2.98,13.9,407,18-01-2013 12:37,19-01-2013 00:00,19-01-2013 17:00,-25,0
18-01-2013 14:00,7.5,-2.1,4.1,4.8,56439,23.2,448,8.65,-2.15,3.17,14.4,407,18-01-2013 12:37,19-01-2013 00:00,19-01-2013 17:00,-25,0
13-02-2013 17:00,9.2,-0.9,8.5,2.5,28353,11.9,360,2.75,-0.9,0.92,6.7,408,13-02-2013 17:00,14-02-2013 08:00,16-02-2013 14:00,-37,0
13-02-2013 18:00,9.2,1.7,6.1,-4.8,83349,11.2,356,2.65,1.71,1.17,6.5,408,13-02-2013 17:00,14-02-2013 08:00,16-02-2013 14:00,-37,0
13-02-2013 19:00,9.6,1.3,7.7,-5,55716,9.9,359,2.36,1.79,0.82,5.9,408,13-02-2013 17:00,14-02-2013 08:00,16-02-2013 14:00,-37,0
16-02-2013 12:00,7.4,-0.8,6.5,2.4,41105,6.5,355,1.53,-0.85,0.84,6.1,409,16-02-2013 12:09,17-02-2013 10:00,17-02-2013 19:00,-40,0
16-02-2013 13:00,11.6,-0.2,9.6,5.2,78006,9.8,395,2.84,-2.05,0.63,5.3,409,16-02-2013 12:09,17-02-2013 10:00,17-02-2013 19:00,-40,0
16-02-2013 14:00,11.2,-1.5,9.1,5.1,128678,10.1,389,2.92,-1.98,0.86,5.5,409,16-02-2013 12:09,17-02-2013 10:00,17-02-2013 19:00,-40,0
17-03-2013 05:00,4,-3.4,0.6,-0.9,61381,2.8,415,1,0.37,1.38,8.7,410,17-03-2013 05:59,17-03-2013 15:00,19-03-2013 16:00,-132,1
17-03-2013 06:00,9.5,-3.8,4.5,-0.7,332557,7.5,570,5.31,0.4,1.59,8.2,410,17-03-2013 05:59,17-03-2013 15:00,19-03-2013 16:00,-132,1
17-03-2013 07:00,12.9,-1,0.8,0.1,516490,13.4,662,11.73,-0.07,2.16,9.4,410,17-03-2013 05:59,17-03-2013 15:00,19-03-2013 16:00,-132,1
20-03-2013 17:00,9.7,0,-0.3,1.1,238791,2.5,565,1.6,-0.62,0.41,4.6,411,20-03-2013 17:00,20-03-2013 18:00,20-03-2013 22:00,-39,0
20-03-2013 18:00,10.2,-7.2,5.7,4,46501,2.9,600,1.88,-2.4,0.2,5,411,20-03-2013 17:00,20-03-2013 18:00,20-03-2013 22:00,-39,0
20-03-2013 19:00,8.5,-3,3.9,5.2,154693,4.1,551,2.31,-2.87,0.67,6.6,411,20-03-2013 17:00,20-03-2013 18:00,20-03-2013 22:00,-39,0
13-04-2013 22:00,3.6,-2.4,2.1,1.2,45684,3.2,368,0.87,-0.44,1.79,9.1,412,13-04-2013 22:54,14-04-2013 17:00,15-04-2013 23:00,-6,0
13-04-2013 23:00,8.3,-2.3,6.6,1.9,69753,6.3,421,2.3,-0.8,0.75,6.4,412,13-04-2013 22:54,14-04-2013 17:00,15-04-2013 23:00,-6,0
14-04-2013 00:00,10,-1.8,7.2,1.8,144279,10,473,4.93,-0.85,1.13,7.5,412,13-04-2013 22:54,14-04-2013 17:00,15-04-2013 23:00,-6,0
30-04-2013 09:00,5.1,2.9,-4,-0.6,36063,4.4,355,1.03,0.21,1.16,7.3,413,30-04-2013 09:49,30-04-2013 12:00,01-05-2013 07:00,-47,0
30-04-2013 10:00,8.1,3.2,-5.4,3.7,51618,8,391,2.25,-1.45,0.91,6.8,413,30-04-2013 09:49,30-04-2013 12:00,01-05-2013 07:00,-47,0
30-04-2013 11:00,9.5,4,-6.3,4.3,46777,6.3,405,1.86,-1.74,0.51,5.4,413,30-04-2013 09:49,30-04-2013 12:00,01-05-2013 07:00,-47,0
01-05-2013 09:00,9.9,2.1,-5.6,-3.7,205833,9.2,427,3.34,1.58,1.31,6.5,414,01-05-2013 09:00,01-05-2013 11:00,01-05-2013 18:00,-72,1
01-05-2013 10:00,8,1.8,-4.6,-4.1,317960,6.6,449,2.87,1.84,1.91,7.2,414,01-05-2013 09:00,01-05-2013 11:00,01-05-2013 18:00,-72,1
01-05-2013 11:00,7.8,1.9,-2.5,-6.1,289489,6.2,456,2.7,2.78,1.77,7.3,414,01-05-2013 09:00,01-05-2013 11:00,01-05-2013 18:00,-72,1
25-05-2013 20:00,10.6,8.2,-4.7,-3.4,355560,1.8,611,1.79,2.08,0.32,3.9,415,25-05-2013 20:00,25-05-2013 23:00,26-05-2013 22:00,-47,0
25-05-2013 21:00,12.1,6,-0.2,-5.2,407853,1.7,678,1.95,3.53,0.26,3.7,415,25-05-2013 20:00,25-05-2013 23:00,26-05-2013 22:00,-47,0
25-05-2013 22:00,10.7,-2.2,-6,4.7,423176,3.3,752,3.81,-3.53,0.66,6.4,415,25-05-2013 20:00,25-05-2013 23:00,26-05-2013 22:00,-47,0
06-06-2013 02:00,3,0.9,2.3,-0.7,58242,2.3,491,1.15,0.34,1.98,12.4,416,06-06-2013 02:55,06-06-2013 14:00,08-06-2013 00:00,-78,1
06-06-2013 03:00,5,0.9,4.1,-1.3,79414,3.7,512,2.02,0.67,1.28,9.8,416,06-06-2013 02:55,06-06-2013 14:00,08-06-2013 00:00,-78,1
06-06-2013 04:00,4.4,-2.6,-1.9,2.2,109314,5.1,502,2.68,-1.1,2.6,12.9,416,06-06-2013 02:55,06-06-2013 14:00,08-06-2013 00:00,-78,1
08-06-2013 06:00,6.9,-2,1.6,0.4,95292,8.2,425,2.82,-0.17,1.6,8.8,417,08-06-2013 06:00,08-06-2013 10:00,08-06-2013 20:00,-20,0
08-06-2013 07:00,6.6,1.9,2.7,-4.6,117042,6.8,444,2.6,2.04,1.59,8.8,417,08-06-2013 06:00,08-06-2013 10:00,08-06-2013 20:00,-20,0
08-06-2013 08:00,2.9,-0.5,1.5,1.3,46238,18.9,448,7.2,-0.58,16.32,33.6,417,08-06-2013 06:00,08-06-2013 10:00,08-06-2013 20:00,-20,0
27-06-2013 14:00,4.8,-0.6,-4.3,1.1,64663,3.8,409,1.18,-0.45,1.32,8.3,418,27-06-2013 14:38,28-06-2013 02:00,29-06-2013 12:00,-102,1
27-06-2013 15:00,6.6,0.1,-5.1,-2.9,165152,7,453,2.74,1.31,1.96,9.1,418,27-06-2013 14:38,28-06-2013 02:00,29-06-2013 12:00,-102,1
27-06-2013 16:00,6.1,0.8,-5.4,-1.5,183948,8.1,452,3.21,0.68,2.83,10.5,418,27-06-2013 14:38,28-06-2013 02:00,29-06-2013 12:00,-102,1
05-07-2013 01:00,4.2,-1.8,2.5,2.4,30881,9.5,354,2.2,-0.85,3.57,13,419,05-07-2013 01:00,05-07-2013 01:00,07-07-2013 16:00,-87,1
05-07-2013 02:00,4.1,-2.2,1.7,0.8,37148,9,355,2.11,-0.28,3.69,13,419,05-07-2013 01:00,05-07-2013 01:00,07-07-2013 16:00,-87,1
05-07-2013 03:00,4.6,-1.7,2.1,-1.9,36310,9,352,2.07,0.67,2.91,11.5,419,05-07-2013 01:00,05-07-2013 01:00,07-07-2013 16:00,-87,1
12-07-2013 17:00,6.8,-5.3,1.6,3.2,99631,2.9,383,0.81,-1.23,0.59,4.8,420,12-07-2013 17:14,13-07-2013 05:00,15-07-2013 00:00,-81,1
12-07-2013 18:00,5.7,-3.8,1.1,-1.1,312282,5.7,430,1.89,0.47,3.22,9,420,12-07-2013 17:14,13-07-2013 05:00,15-07-2013 00:00,-81,1
12-07-2013 19:00,7.7,-1.5,-4.7,0.4,379203,3.4,465,1.4,-0.19,1.21,5.6,420,12-07-2013 17:14,13-07-2013 05:00,15-07-2013 00:00,-81,1
20-08-2013 22:00,4.7,-0.5,-3.1,-0.8,56783,12.9,396,4.24,0.32,4.5,15.1,421,20-08-2013 22:27,21-08-2013 08:00,21-08-2013 14:00,-26,0
20-08-2013 23:00,7.3,-1.8,2.1,4.1,67348,23.6,414,8.32,-1.7,3.61,13.8,421,20-08-2013 22:27,21-08-2013 08:00,21-08-2013 14:00,-26,0
21-08-2013 00:00,9,3.3,-3.9,4.7,75919,17.7,407,5.84,-1.91,1.86,9.5,421,20-08-2013 22:27,21-08-2013 08:00,21-08-2013 14:00,-26,0
22-08-2013 19:00,3.8,-3.3,0.9,-1.3,69690,1.7,480,0.74,0.62,0.97,8.2,422,22-08-2013 19:26,23-08-2013 20:00,25-08-2013 03:00,-40,0
22-08-2013 20:00,6,-1.2,2.9,-0.8,215774,4.7,545,2.87,0.44,1.87,9.8,422,22-08-2013 19:26,23-08-2013 20:00,25-08-2013 03:00,-40,0
22-08-2013 21:00,6.7,-0.1,3.9,-3.3,165812,5.3,568,3.39,1.87,1.44,9.8,422,22-08-2013 19:26,23-08-2013 20:00,25-08-2013 03:00,-40,0
24-08-2013 00:00,5.5,1.6,5,-0.4,54265,2.4,486,1.05,0.19,0.6,6.8,423,24-08-2013 00:03,25-08-2013 03:00,26-08-2013 03:00,-29,0
24-08-2013 01:00,8.5,1,8.1,1.6,65753,3.5,521,1.73,-0.83,0.39,5.7,423,24-08-2013 00:03,25-08-2013 03:00,26-08-2013 03:00,-29,0
24-08-2013 02:00,8.8,1,8.2,2.1,51436,2.6,514,1.26,-1.08,0.25,4.7,423,24-08-2013 00:03,25-08-2013 03:00,26-08-2013 03:00,-29,0
02-10-2013 01:00,5.3,3.5,-0.4,-2.9,114501,5.4,368,1.49,1.07,1.94,8.1,424,02-10-2013 01:54,02-10-2013 23:00,03-10-2013 22:00,-72,1
02-10-2013 02:00,11,2.3,-6.4,-3.8,428995,13.3,489,6.67,1.86,2.55,8.1,424,02-10-2013 01:54,02-10-2013 23:00,03-10-2013 22:00,-72,1
02-10-2013 03:00,15.9,3.1,-9.6,1.2,870260,17.8,580,13.36,-0.7,2.92,7.7,424,02-10-2013 01:54,02-10-2013 23:00,03-10-2013 22:00,-72,1
08-10-2013 20:00,10.5,-5.1,7.8,-4.3,79061,,351,,1.51,,,425,08-10-2013 20:20,09-10-2013 09:00,11-10-2013 00:00,-69,1
08-10-2013 21:00,20.1,-7.4,15.2,-6.2,181365,39.6,442,15.47,2.74,1.26,6.9,425,08-10-2013 20:20,09-10-2013 09:00,11-10-2013 00:00,-69,1
08-10-2013 22:00,32.5,1.5,13,8.1,173364,32.9,450,13.32,-3.65,0.39,4,425,08-10-2013 20:20,09-10-2013 09:00,11-10-2013 00:00,-69,1
08-11-2013 22:00,6.3,0.8,-0.3,5.1,100694,10,412,3.47,-2.1,2.4,10.3,426,08-11-2013 22:00,08-11-2013 22:00,09-11-2013 07:00,-80,1
08-11-2013 23:00,6.4,2.2,-5.4,1.6,96647,11.8,411,4.14,-0.66,2.7,11,426,08-11-2013 22:00,08-11-2013 22:00,09-11-2013 07:00,-80,1
09-11-2013 00:00,7.9,3.8,-6,-0.2,86577,12.6,407,4.29,0.08,1.81,9.1,426,08-11-2013 22:00,08-11-2013 22:00,09-11-2013 07:00,-80,1
11-11-2013 17:00,5.6,2.6,-0.1,-2,97361,3,523,1.74,1.05,0.9,8.1,427,11-11-2013 17:00,11-11-2013 17:00,12-11-2013 03:00,-30,0
11-11-2013 18:00,5.5,-3.7,-2.6,2.7,53826,3,476,1.31,-1.29,0.75,7.5,427,11-11-2013 17:00,11-11-2013 17:00,12-11-2013 03:00,-30,0
11-11-2013 19:00,6.8,-4.3,-3.3,3.9,15047,1.9,477,0.82,-1.86,0.25,4.8,427,11-11-2013 17:00,11-11-2013 17:00,12-11-2013 03:00,-30,0
30-11-2013 20:00,6.9,-0.5,5.3,-0.5,137655,4.5,459,1.8,0.23,1.05,7.1,428,30-11-2013 20:00,01-12-2013 11:00,02-12-2013 23:00,-22,0
30-11-2013 21:00,10.9,-2.7,7.2,0.1,204145,6.5,498,3.11,-0.05,0.76,5.8,428,30-11-2013 20:00,01-12-2013 11:00,02-12-2013 23:00,-22,0
30-11-2013 22:00,12.4,-3.8,8.9,-3.7,258259,7.1,497,3.27,1.84,0.74,5.3,428,30-11-2013 20:00,01-12-2013 11:00,02-12-2013 23:00,-22,0
15-12-2013 13:00,5.5,-2.2,-2.8,3.4,77750,6.4,489,3.24,-1.66,1.81,11.2,429,15-12-2013 13:00,15-12-2013 16:00,16-12-2013 05:00,-23,0
15-12-2013 14:00,5.6,-0.3,-4.2,3,76367,6.5,498,3.33,-1.49,1.77,11.3,429,15-12-2013 13:00,15-12-2013 16:00,16-12-2013 05:00,-23,0
15-12-2013 15:00,5.2,-1.5,0.5,4.4,63679,6.9,492,3.47,-2.16,2.04,12.4,429,15-12-2013 13:00,15-12-2013 16:00,16-12-2013 05:00,-23,0
24-12-2013 21:00,2.7,-1.1,-1.5,-1.7,39528,7,288,1.11,0.49,6.71,14.1,430,24-12-2013 21:00,25-12-2013 05:00,25-12-2013 17:00,-35,0
24-12-2013 22:00,4,-0.3,3,-1.9,41536,9.6,304,1.66,0.58,4.24,11.8,430,24-12-2013 21:00,25-12-2013 05:00,25-12-2013 17:00,-35,0
24-12-2013 23:00,5.5,0.8,4,-2.7,36260,10.4,312,1.9,0.84,2.35,9.1,430,24-12-2013 21:00,25-12-2013 05:00,25-12-2013 17:00,-35,0
05-02-2014 14:00,9.6,-2.4,-3.3,7,88846,3.8,397,1.23,-2.78,0.37,4,431,05-02-2014 14:00,06-02-2014 03:00,07-02-2014 17:00,-31,0
05-02-2014 15:00,11,-0.9,-1.5,10.3,91776,3.8,401,1.23,-4.13,0.29,3.6,431,05-02-2014 14:00,06-02-2014 03:00,07-02-2014 17:00,-31,0
05-02-2014 16:00,10,-1.6,1.9,9.4,140371,3.9,399,1.3,-3.75,0.44,3.9,431,05-02-2014 14:00,06-02-2014 03:00,07-02-2014 17:00,-31,0
07-02-2014 17:00,9,-2.9,7.2,1.6,28548,6.5,376,1.76,-0.6,0.52,5.3,432,07-02-2014 17:05,08-02-2014 01:00,09-02-2014 12:00,-39,0
07-02-2014 18:00,13.8,-3.8,9.2,6.9,71823,6.4,429,2.31,-2.96,0.28,3.9,432,07-02-2014 17:05,08-02-2014 01:00,09-02-2014 12:00,-39,0
07-02-2014 19:00,13.6,-5.6,7.5,7.5,96571,6.8,423,2.45,-3.17,0.34,4.1,432,07-02-2014 17:05,08-02-2014 01:00,09-02-2014 12:00,-39,0
10-02-2014 18:00,6.1,-0.9,-4.4,-0.4,85454,3.8,488,1.89,0.2,0.91,7.8,433,10-02-2014 18:00,11-02-2014 12:00,13-02-2014 10:00,-24,0
10-02-2014 19:00,6.1,2.8,1.4,-3.8,181630,4.8,524,2.78,1.99,1.66,9.4,433,10-02-2014 18:00,11-02-2014 12:00,13-02-2014 10:00,-24,0
10-02-2014 20:00,4.6,2.1,0.9,1.9,182383,4.6,528,2.65,-1,2.81,12.3,433,10-02-2014 18:00,11-02-2014 12:00,13-02-2014 10:00,-24,0
15-02-2014 13:00,8.2,2.5,6.8,1.6,96166,7.4,389,2.06,-0.62,1.03,6.5,434,15-02-2014 13:16,16-02-2014 05:00,16-02-2014 16:00,-24,0
15-02-2014 14:00,15.7,2.7,14.2,4.1,134918,13,449,4.81,-1.84,0.58,5.2,434,15-02-2014 13:16,16-02-2014 05:00,16-02-2014 16:00,-24,0
15-02-2014 15:00,13.6,-0.6,9.5,8.8,75050,19.5,443,6.95,-3.9,0.89,7.2,434,15-02-2014 13:16,16-02-2014 05:00,16-02-2014 16:00,-24,0
17-02-2014 03:00,6.7,3.1,1.9,1.4,42733,2.6,383,0.85,-0.54,0.41,4.6,435,17-02-2014 03:00,17-02-2014 03:00,17-02-2014 16:00,-27,0
17-02-2014 04:00,6.7,3.7,-4.8,2.7,36739,2.6,391,0.82,-1.06,0.4,4.7,435,17-02-2014 03:00,17-02-2014 03:00,17-02-2014 16:00,-27,0
17-02-2014 05:00,7.1,3.4,-5.3,2.9,24143,2.8,386,0.78,-1.12,0.35,4.5,435,17-02-2014 03:00,17-02-2014 03:00,17-02-2014 16:00,-27,0
18-02-2014 06:00,3.9,3.7,0.2,0.7,45726,1.5,341,0.38,-0.24,0.71,5.4,436,18-02-2014 06:40,18-02-2014 15:00,19-02-2014 07:00,-67,1
18-02-2014 07:00,5.2,1.9,-1.4,1.1,92396,2.9,389,1.01,-0.43,0.98,6.4,436,18-02-2014 06:40,18-02-2014 15:00,19-02-2014 07:00,-67,1
18-02-2014 08:00,5.6,1.1,-2.7,3,128630,3.8,409,1.47,-1.23,1.3,7.1,436,18-02-2014 06:40,18-02-2014 15:00,19-02-2014 07:00,-67,1
19-02-2014 03:00,8.8,3.5,-1.7,-7.8,36328,2.2,392,0.63,3.06,0.19,3.3,437,19-02-2014 03:48,19-02-2014 12:00,20-02-2014 03:00,-119,1
19-02-2014 04:00,13.8,5.4,0.9,-12.6,41895,3.3,452,1.27,5.7,0.12,3,437,19-02-2014 03:48,19-02-2014 12:00,20-02-2014 03:00,-119,1
19-02-2014 05:00,15.2,5.6,5.1,-12.9,48034,9.2,472,4.18,6.09,0.29,4.7,437,19-02-2014 03:48,19-02-2014 12:00,20-02-2014 03:00,-119,1
20-02-2014 03:00,5.4,-1.4,3.9,-1.9,144574,4.7,623,3.8,1.18,1.83,12.5,438,20-02-2014 03:18,21-02-2014 02:00,22-02-2014 12:00,-95,1
20-02-2014 04:00,12.7,1.4,8.7,-7.3,228075,4.1,688,3.8,5.02,0.38,5.5,438,20-02-2014 03:18,21-02-2014 02:00,22-02-2014 12:00,-95,1
20-02-2014 05:00,14.4,4.8,10.1,-8.5,263573,3.3,687,3.08,5.84,0.26,4.3,438,20-02-2014 03:18,21-02-2014 02:00,22-02-2014 12:00,-95,1
05-04-2014 10:00,4.9,0,-0.6,-0.6,101555,5.8,449,2.23,0.27,2.31,11,439,05-04-2014 10:00,05-04-2014 22:00,07-04-2014 05:00,-15,0
05-04-2014 11:00,7.8,2.3,3.8,-5.8,60628,7.9,485,3.5,2.81,1.02,8.7,439,05-04-2014 10:00,05-04-2014 22:00,07-04-2014 05:00,-15,0
05-04-2014 12:00,7.4,2.8,5.4,-2.4,78838,7.9,495,3.7,1.19,1.24,9.4,439,05-04-2014 10:00,05-04-2014 22:00,07-04-2014 05:00,-15,0
11-04-2014 06:00,4.9,0.1,-4,-1.2,11296,14.4,374,3.57,0.45,3.48,14.5,440,11-04-2014 06:00,11-04-2014 06:00,12-04-2014 20:00,-86,1
11-04-2014 07:00,5.2,-2.4,-1.6,2.8,14857,12.6,368,3.13,-1.03,2.78,12.6,440,11-04-2014 06:00,11-04-2014 06:00,12-04-2014 20:00,-86,1
11-04-2014 08:00,6.9,-0.3,6,2.8,19567,4.6,384,1.19,-1.08,0.59,6,440,11-04-2014 06:00,11-04-2014 06:00,12-04-2014 20:00,-86,1
18-04-2014 19:00,8.7,-2.1,5,5.5,113321,4.1,494,2.08,-2.72,0.54,5.7,441,18-04-2014 19:00,18-04-2014 19:00,20-04-2014 00:00,-19,0
18-04-2014 20:00,9,-2.4,6.6,3,73281,3.5,492,1.61,-1.48,0.36,5.1,441,18-04-2014 19:00,18-04-2014 19:00,20-04-2014 00:00,-19,0
18-04-2014 21:00,9.1,-2.8,7,4.9,54256,3.7,494,1.73,-2.42,0.34,5.2,441,18-04-2014 19:00,18-04-2014 19:00,20-04-2014 00:00,-19,0
19-04-2014 18:00,6.6,-3.9,0.3,4.8,25135,7.8,489,3.66,-2.35,1.14,10.3,442,19-04-2014 18:36,20-04-2014 01:00,20-04-2014 12:00,-14,0
19-04-2014 19:00,8.6,-4.5,3.1,3.7,79214,6.7,517,3.58,-1.91,0.78,7.8,442,19-04-2014 18:36,20-04-2014 01:00,20-04-2014 12:00,-14,0
19-04-2014 20:00,7.9,-5.3,5.2,1.4,72638,7.4,528,4.12,-0.74,0.99,9.1,442,19-04-2014 18:36,20-04-2014 01:00,20-04-2014 12:00,-14,0
20-04-2014 10:00,5.6,0.8,-1.3,5.3,25830,3.8,504,1.9,-2.67,0.78,8.8,443,20-04-2014 10:56,21-04-2014 07:00,22-04-2014 09:00,-32,0
20-04-2014 11:00,15.2,2,-3.9,13,116921,8.3,630,6.45,-8.19,0.37,6,443,20-04-2014 10:56,21-04-2014 07:00,22-04-2014 09:00,-32,0
20-04-2014 12:00,13.8,0.2,-7.2,4.7,312987,6.1,675,7.18,-3.17,0.59,6,443,20-04-2014 10:56,21-04-2014 07:00,22-04-2014 09:00,-32,0
29-04-2014 20:00,3.4,-0.2,1.3,1.4,20708,26,288,4.25,-0.4,13.95,21.6,444,29-04-2014 20:00,29-04-2014 20:00,30-04-2014 21:00,-67,1
29-04-2014 21:00,7.4,-2.1,-5.4,-4,18966,12.7,289,2.21,1.16,1.42,7,444,29-04-2014 20:00,29-04-2014 20:00,30-04-2014 21:00,-67,1
29-04-2014 22:00,8.5,-2.7,-5.5,-4.5,12993,9.4,290,1.54,1.3,0.77,5.2,444,29-04-2014 20:00,29-04-2014 20:00,30-04-2014 21:00,-67,1
07-06-2014 16:00,5.6,2.5,-4.8,0.7,37639,6.3,346,1.4,-0.24,1.39,7.8,445,07-06-2014 16:52,08-06-2014 20:00,10-06-2014 17:00,-37,0
07-06-2014 17:00,12.6,7.6,-4.7,7.7,75363,14.9,409,4.75,-3.15,0.8,6.3,445,07-06-2014 16:52,08-06-2014 20:00,10-06-2014 17:00,-37,0
07-06-2014 18:00,13.9,7.9,-9.3,4.6,97129,16.2,424,5.72,-1.95,0.79,6.1,445,07-06-2014 16:52,08-06-2014 20:00,10-06-2014 17:00,-37,0
19-08-2014 06:00,6.6,-2.8,-5.8,-1.5,18091,14.8,295,2.39,0.44,2.07,8.6,446,19-08-2014 06:57,19-08-2014 16:00,21-08-2014 05:00,-28,0
19-08-2014 07:00,9.4,-2.5,-5.9,-0.5,30964,22.4,311,4.04,0.16,1.68,7.8,446,19-08-2014 06:57,19-08-2014 16:00,21-08-2014 05:00,-28,0
19-08-2014 08:00,10.1,-2.8,-6.5,-0.8,84601,21.1,328,4.41,0.26,1.83,7.5,446,19-08-2014 06:57,19-08-2014 16:00,21-08-2014 05:00,-28,0
12-09-2014 15:00,8.4,0.5,8.2,0.1,100358,4.6,416,1.51,-0.04,0.62,5.3,447,12-09-2014 15:53,12-09-2014 22:00,14-09-2014 02:00,-88,1
12-09-2014 16:00,19.5,-5,18,0.9,266174,8.7,576,5.53,-0.52,0.38,4.4,447,12-09-2014 15:53,12-09-2014 22:00,14-09-2014 02:00,-88,1
12-09-2014 17:00,21.9,-2.5,18.3,4.7,416378,15.5,651,13.21,-3.06,0.73,5.9,447,12-09-2014 15:53,12-09-2014 22:00,14-09-2014 02:00,-88,1
17-09-2014 02:00,4.9,1.9,-3.3,0.6,50010,4.8,387,1.32,-0.23,1.48,8.7,448,17-09-2014 02:00,17-09-2014 02:00,18-09-2014 20:00,-18,0
17-09-2014 03:00,5,0.2,-2.9,3.9,24134,5.6,381,1.48,-1.49,1.42,9,448,17-09-2014 02:00,17-09-2014 02:00,18-09-2014 20:00,-18,0
17-09-2014 04:00,5,1.7,-2.2,3.8,21612,5.1,378,1.32,-1.44,1.27,8.5,448,17-09-2014 02:00,17-09-2014 02:00,18-09-2014 20:00,-18,0
10-11-2014 02:00,16.8,7.3,-11.2,8.7,131779,,454,,-3.95,,,449,10-11-2014 02:20,11-11-2014 07:00,11-11-2014 20:00,-65,1
10-11-2014 03:00,19.4,7.9,-4,11.1,215461,,482,,-5.35,,,449,10-11-2014 02:20,11-11-2014 07:00,11-11-2014 20:00,-65,1
10-11-2014 04:00,18.1,10,-9.5,10.7,257749,,492,,-5.26,,,449,10-11-2014 02:20,11-11-2014 07:00,11-11-2014 20:00,-65,1
21-12-2014 19:00,12.6,-1.2,10.9,-5.4,57521,11.4,403,3.61,2.18,0.56,5.4,450,21-12-2014 19:11,22-12-2014 04:00,22-12-2014 17:00,-71,1
21-12-2014 20:00,15.3,-4.2,12.9,-5.8,70438,16.7,429,6.06,2.49,0.59,5.7,450,21-12-2014 19:11,22-12-2014 04:00,22-12-2014 17:00,-71,1
21-12-2014 21:00,15.1,-3.6,13.9,0.7,75638,18.3,420,6.47,-0.29,0.68,5.9,450,21-12-2014 19:11,22-12-2014 04:00,22-12-2014 17:00,-71,1
02-01-2015 07:00,6.3,0.9,-5.5,-1.9,68173,7.6,431,2.92,0.78,1.57,9.4,451,02-01-2015 07:17,02-01-2015 15:00,02-01-2015 22:00,-49,0
02-01-2015 08:00,6.7,5.4,-1,1.7,86036,9.6,435,3.8,-0.78,1.91,10.1,451,02-01-2015 07:17,02-01-2015 15:00,02-01-2015 22:00,-49,0
02-01-2015 09:00,7,4.8,0.9,2,93240,10.3,456,4.21,-0.91,1.94,10.5,451,02-01-2015 07:17,02-01-2015 15:00,02-01-2015 22:00,-49,0
03-01-2015 14:00,8.7,5,-6.5,2,111587,5,456,2.01,-0.82,0.66,5.9,452,03-01-2015 14:00,03-01-2015 14:00,04-01-2015 16:00,-68,1
03-01-2015 15:00,8.7,3.9,-6.6,2.1,79653,3.8,459,1.56,-0.87,0.43,5.1,452,03-01-2015 14:00,03-01-2015 14:00,04-01-2015 16:00,-68,1
03-01-2015 16:00,8.8,6.3,-5,1.9,92993,3.6,459,1.53,-0.78,0.43,4.9,452,03-01-2015 14:00,03-01-2015 14:00,04-01-2015 16:00,-68,1
07-01-2015 06:00,11.7,-1.2,-0.6,10.9,52938,15.1,461,6.05,-5.02,0.83,7.7,453,07-01-2015 06:16,07-01-2015 07:00,07-01-2015 20:00,-107,1
07-01-2015 07:00,15.1,0.9,-5,-1.3,37453,29.4,475,12.36,0.57,0.89,8.5,453,07-01-2015 06:16,07-01-2015 07:00,07-01-2015 20:00,-107,1
07-01-2015 08:00,17.7,5.6,-1.7,-16.1,38243,25.1,472,10.57,7.55,0.56,6.7,453,07-01-2015 06:16,07-01-2015 07:00,07-01-2015 20:00,-107,1
16-03-2015 14:00,13.2,-5.8,-5.8,9.4,42031,15.7,400,4.73,-3.68,0.64,6,454,16-03-2015 14:00,16-03-2015 14:00,16-03-2015 23:00,7,0
16-03-2015 15:00,13.4,-7.9,4.1,9.5,20775,21.7,405,6.44,-3.93,0.75,7,454,16-03-2015 14:00,16-03-2015 14:00,16-03-2015 23:00,7,0
16-03-2015 16:00,13,-7.8,4.9,7.9,32081,20,401,5.97,-3.29,0.79,6.9,454,16-03-2015 14:00,16-03-2015 14:00,16-03-2015 23:00,7,0
17-03-2015 04:00,9.7,-3.4,-0.6,8.9,39964,16.5,413,5.13,-3.72,1.23,8.6,455,17-03-2015 04:45,17-03-2015 13:00,18-03-2015 05:00,-234,1
17-03-2015 05:00,21.9,2.6,-1.9,20.1,115463,33.7,492,15.42,-9.89,0.71,6.5,455,17-03-2015 04:45,17-03-2015 13:00,18-03-2015 05:00,-234,1
17-03-2015 06:00,19.6,0,-12.7,-6.4,199007,30.4,514,16.69,3.03,1.08,7.2,455,17-03-2015 04:45,17-03-2015 13:00,18-03-2015 05:00,-234,1
21-03-2015 20:00,6.5,5.6,-2.6,1.7,104265,2.1,595,1.51,-1.01,0.48,6.6,456,21-03-2015 20:54,22-03-2015 02:00,22-03-2015 20:00,-56,1
21-03-2015 21:00,10,7.2,-5.4,3.7,146059,2.7,638,2.33,-2.3,0.31,5.2,456,21-03-2015 20:54,22-03-2015 02:00,22-03-2015 20:00,-56,1
21-03-2015 22:00,11,7.4,-4.7,6.2,145555,2.6,658,2.17,-4.08,0.24,4.8,456,21-03-2015 20:54,22-03-2015 02:00,22-03-2015 20:00,-56,1
28-03-2015 00:00,7.3,5.6,-0.2,4.6,34117,8.1,362,1.97,-1.67,1.03,7.1,457,28-03-2015 00:00,28-03-2015 11:00,29-03-2015 11:00,-42,0
28-03-2015 01:00,6.6,4.3,1,4.8,42951,8.7,358,2.08,-1.68,1.42,8,457,28-03-2015 00:00,28-03-2015 11:00,29-03-2015 11:00,-42,0
28-03-2015 02:00,6.8,5,1.6,3.6,39967,9.9,363,2.41,-1.31,1.5,8.4,457,28-03-2015 00:00,28-03-2015 11:00,29-03-2015 11:00,-42,0
29-03-2015 15:00,7.5,-0.4,-6.7,0.2,69149,7.5,366,2.03,0.04,1.1,6.7,458,29-03-2015 15:00,29-03-2015 19:00,30-03-2015 12:00,-40,0
29-03-2015 16:00,8.1,-0.2,-7.3,1.3,99438,7.5,380,2.1,-0.34,1.08,6.4,458,29-03-2015 15:00,29-03-2015 19:00,30-03-2015 12:00,-40,0
29-03-2015 17:00,8.3,-1.4,-7.9,-1.1,119251,7.6,381,2.14,0.57,1.14,6.3,458,29-03-2015 15:00,29-03-2015 19:00,30-03-2015 12:00,-40,0
31-03-2015 08:00,8.2,4,-7,0.4,32108,8.7,343,1.91,-0.24,0.86,6.2,459,31-03-2015 08:32,31-03-2015 18:00,01-04-2015 10:00,-13,0
31-03-2015 09:00,14.3,5.2,-12.1,4.1,51785,15.8,382,4.33,-1.68,0.58,5.3,459,31-03-2015 08:32,31-03-2015 18:00,01-04-2015 10:00,-13,0
31-03-2015 10:00,15.7,7,-12.1,5.5,55571,16.1,380,4.29,-2.17,0.5,4.9,459,31-03-2015 08:32,31-03-2015 18:00,01-04-2015 10:00,-13,0
09-04-2015 10:00,7.4,-5.4,3.2,-0.2,80245,10.7,351,2.88,0.07,1.7,7.8,460,09-04-2015 10:11,09-04-2015 11:00,09-04-2015 22:00,-9,0
09-04-2015 11:00,9.1,-5,5.6,1.9,98840,14.1,363,3.97,-0.73,1.61,7.5,460,09-04-2015 10:11,09-04-2015 11:00,09-04-2015 22:00,-9,0
09-04-2015 12:00,10.3,-1,8.8,3.4,75325,13.2,379,3.81,-1.33,1.05,6.7,460,09-04-2015 10:11,09-04-2015 11:00,09-04-2015 22:00,-9,0
10-04-2015 00:00,14.2,-7,-4.4,-10.7,41215,20.7,383,5.96,4.1,0.72,6.1,461,10-04-2015 00:00,10-04-2015 13:00,11-04-2015 09:00,-85,1
10-04-2015 01:00,16.6,3.9,-14.7,-1.2,44079,19,419,6.66,0.34,0.49,5.5,461,10-04-2015 00:00,10-04-2015 13:00,11-04-2015 09:00,-85,1
10-04-2015 02:00,19.3,-0.8,-15.7,-8.4,40361,17,449,6.27,3.5,0.32,4.8,461,10-04-2015 00:00,10-04-2015 13:00,11-04-2015 09:00,-85,1
06-05-2015 01:00,7.6,-3.5,4.1,3.2,47645,5.9,383,1.65,-1.19,0.75,6.1,462,06-05-2015 01:41,06-05-2015 12:00,07-05-2015 21:00,-35,0
06-05-2015 02:00,13.6,-3.2,9.5,3.2,112530,11.7,455,4.71,-1.32,0.63,5.7,462,06-05-2015 01:41,06-05-2015 12:00,07-05-2015 21:00,-35,0
06-05-2015 03:00,11.8,-1.5,8.7,5.5,178450,13.8,456,5.96,-2.42,1.26,7.2,462,06-05-2015 01:41,06-05-2015 12:00,07-05-2015 21:00,-35,0
07-05-2015 21:00,2.8,-1.9,0.1,2,20215,12.1,413,3.94,-0.83,9.54,25.7,463,07-05-2015 21:00,07-05-2015 21:00,09-05-2015 04:00,-15,0
07-05-2015 22:00,4.3,1.6,-0.9,-1.1,24669,8.2,403,2.6,0.44,2.82,13.4,463,07-05-2015 21:00,07-05-2015 21:00,09-05-2015 04:00,-15,0
07-05-2015 23:00,5.9,4.2,-2.7,-2.7,21291,5.4,395,1.64,1.07,0.97,7.8,463,07-05-2015 21:00,07-05-2015 21:00,09-05-2015 04:00,-15,0
10-05-2015 12:00,6.7,-2.3,1.5,-4.6,115253,9.3,385,2.5,1.77,2.1,8.8,464,10-05-2015 12:00,10-05-2015 12:00,11-05-2015 02:00,-57,1
10-05-2015 13:00,7.6,-2.5,3.4,-0.2,90473,9.4,383,2.43,0.04,1.48,7.7,464,10-05-2015 12:00,10-05-2015 12:00,11-05-2015 02:00,-57,1
10-05-2015 14:00,9.4,-2.7,6.8,5.3,70726,11.6,380,3.02,-2.09,1.09,6.9,464,10-05-2015 12:00,10-05-2015 12:00,11-05-2015 02:00,-57,1
18-05-2015 19:00,9.3,-4.4,7.2,-0.6,64476,4.6,371,1.24,0.15,0.43,4.3,465,18-05-2015 19:00,18-05-2015 20:00,19-05-2015 02:00,-47,0
18-05-2015 20:00,14.6,-1,13.1,0.2,76404,7.7,448,2.84,-0.22,0.31,4.3,465,18-05-2015 19:00,18-05-2015 20:00,19-05-2015 02:00,-47,0
18-05-2015 21:00,15,1.7,13.2,-3.5,89075,9.5,456,3.58,1.5,0.38,4.7,465,18-05-2015 19:00,18-05-2015 20:00,19-05-2015 02:00,-47,0
22-06-2015 18:00,15.8,-1.4,-8.9,-7.3,418592,24.4,524,13.16,3.98,2.22,8.2,466,22-06-2015 18:33,23-06-2015 02:00,24-06-2015 14:00,-198,1
22-06-2015 19:00,34.6,1.9,0.7,-26.2,674965,40.4,673,37.89,17.7,1.13,6.2,466,22-06-2015 18:33,23-06-2015 02:00,24-06-2015 14:00,-198,1
22-06-2015 20:00,37.7,-22.4,23.8,15.3,436414,36.6,628,35.87,-9.92,0.61,5,466,22-06-2015 18:33,23-06-2015 02:00,24-06-2015 14:00,-198,1
24-06-2015 13:00,7.3,-5.1,3.6,-0.1,88039,1.2,590,0.84,0,0.2,4.4,467,24-06-2015 13:29,25-06-2015 10:00,26-06-2015 06:00,-81,1
24-06-2015 14:00,11.5,-4.3,9,0.3,301588,3.6,737,4.35,-0.37,0.49,6.1,467,24-06-2015 13:29,25-06-2015 10:00,26-06-2015 06:00,-81,1
24-06-2015 15:00,10.1,-6.5,5.7,2.7,353454,3.8,701,4.19,-1.96,0.75,6.8,467,24-06-2015 13:29,25-06-2015 10:00,26-06-2015 06:00,-81,1
26-06-2015 06:00,4.1,2.6,1.4,-0.6,47316,1.8,514,1.07,0.31,0.78,8.4,468,26-06-2015 06:00,26-06-2015 12:00,27-06-2015 02:00,-51,1
26-06-2015 07:00,3.7,-2.5,-0.9,0.8,83290,1.9,536,1.39,-0.38,1.22,10,468,26-06-2015 06:00,26-06-2015 12:00,27-06-2015 02:00,-51,1
26-06-2015 08:00,3.9,0.6,-2.5,-2.7,69401,2.2,561,1.54,1.51,1.19,10.7,468,26-06-2015 06:00,26-06-2015 12:00,27-06-2015 02:00,-51,1
13-07-2015 01:00,5.9,-0.6,5.1,-0.7,127552,2.8,611,2.08,0.49,0.86,8.7,469,13-07-2015 01:38,13-07-2015 06:00,14-07-2015 15:00,-68,1
13-07-2015 02:00,8.9,-0.6,7.6,-1.7,157940,4.6,642,3.72,1.22,0.69,7.7,469,13-07-2015 01:38,13-07-2015 06:00,14-07-2015 15:00,-68,1
13-07-2015 03:00,9.6,-0.5,5.9,-4.6,173566,6.3,642,5.2,3.08,0.86,8.4,469,13-07-2015 01:38,13-07-2015 06:00,14-07-2015 15:00,-68,1
07-08-2015 06:00,7.7,-2,6.4,-2.6,163468,6.7,496,3.38,1.39,1.37,8.3,470,07-08-2015 06:00,07-08-2015 16:00,08-08-2015 14:00,-37,0
07-08-2015 07:00,8.7,-3.5,6.2,-2.5,182381,7.9,507,4.21,1.42,1.35,8.2,470,07-08-2015 06:00,07-08-2015 16:00,08-08-2015 14:00,-37,0
07-08-2015 08:00,8.7,-5.4,5.2,-3.3,151442,6.6,486,3.23,1.7,1.01,7.2,470,07-08-2015 06:00,07-08-2015 16:00,08-08-2015 14:00,-37,0
15-08-2015 08:00,12.5,-4.6,11.2,1.5,34077,13.5,362,3.08,-0.36,0.58,5.3,471,15-08-2015 08:29,15-08-2015 21:00,16-08-2015 08:00,-98,1
15-08-2015 09:00,21.7,-0.9,16.8,-0.4,224676,21.7,458,8.42,0.37,0.68,4.9,471,15-08-2015 08:29,15-08-2015 21:00,16-08-2015 08:00,-98,1
15-08-2015 10:00,19.2,1.7,14.4,-9.3,200918,24.8,471,10.07,4.47,0.92,6.1,471,15-08-2015 08:29,15-08-2015 21:00,16-08-2015 08:00,-98,1
26-08-2015 08:00,7.2,1.3,3.7,-5.8,31400,20.7,402,6.37,2.37,2.65,12.7,472,26-08-2015 08:00,26-08-2015 08:00,28-08-2015 10:00,-103,1
26-08-2015 09:00,6.7,1.2,2.3,-3.8,28677,23.6,399,7.3,1.52,3.43,14.5,472,26-08-2015 08:00,26-08-2015 08:00,28-08-2015 10:00,-103,1
26-08-2015 10:00,9.6,5.2,6.6,-4.2,20552,8.3,402,2.56,1.73,0.56,6,472,26-08-2015 08:00,26-08-2015 08:00,28-08-2015 10:00,-103,1
07-09-2015 14:00,11.8,-4.3,3.4,-7.4,224745,5.5,563,3.24,4.11,0.58,5.6,473,07-09-2015 14:00,08-09-2015 00:00,09-09-2015 15:00,-105,1
07-09-2015 15:00,12.4,-5.2,3.8,-10.2,219177,4.2,588,2.68,5.94,0.39,4.9,473,07-09-2015 14:00,08-09-2015 00:00,09-09-2015 15:00,-105,1
07-09-2015 16:00,11.2,-4,5.9,-7,224035,6.3,576,3.94,3.86,0.74,6.5,473,07-09-2015 14:00,08-09-2015 00:00,09-09-2015 15:00,-105,1
13-09-2015 07:00,3.2,0.1,1.6,-1.3,72724,5.1,463,2.18,0.6,4.17,16.3,474,13-09-2015 07:00,13-09-2015 07:00,13-09-2015 18:00,-44,0
13-09-2015 08:00,4.5,2,2.2,-3.1,48913,5,469,2.12,1.45,1.82,11.7,474,13-09-2015 07:00,13-09-2015 07:00,13-09-2015 18:00,-44,0
13-09-2015 09:00,4.7,-0.3,3.2,-1.5,62460,5.4,460,2.21,0.69,1.94,11.4,474,13-09-2015 07:00,13-09-2015 07:00,13-09-2015 18:00,-44,0
20-09-2015 06:00,14.8,-5.8,8.8,-3.9,338570,9,505,5.04,2.17,0.8,5.1,475,20-09-2015 06:04,21-09-2015 08:00,22-09-2015 01:00,-79,1
20-09-2015 07:00,15.8,-7.8,8,-3.2,594563,8.5,555,6.33,1.89,1.02,5.1,475,20-09-2015 06:04,21-09-2015 08:00,22-09-2015 01:00,-79,1
20-09-2015 08:00,14.3,-8.1,6,-7,380238,7.6,542,4.79,3.85,0.79,5.2,475,20-09-2015 06:04,21-09-2015 08:00,22-09-2015 01:00,-79,1
24-10-2015 18:00,5.2,2.7,-3.2,0.1,123849,6.6,412,2.33,0,2.56,10.2,476,24-10-2015 18:54,25-10-2015 14:00,27-10-2015 04:00,-16,0
24-10-2015 19:00,10.8,-0.7,-4.1,2.6,259310,17,476,8.13,-1.19,2.35,9.1,476,24-10-2015 18:54,25-10-2015 14:00,27-10-2015 04:00,-16,0
24-10-2015 20:00,8.8,5.1,4,1.1,319767,17.4,479,8.59,-0.57,4.19,11.4,476,24-10-2015 18:54,25-10-2015 14:00,27-10-2015 04:00,-16,0
04-11-2015 03:00,6.1,-2.8,3.4,0.7,174375,3.2,664,2.85,-0.4,1.08,9.7,477,04-11-2015 03:55,04-11-2015 15:00,04-11-2015 19:00,-56,1
04-11-2015 04:00,7.7,-3.9,0.1,-1,427448,6.7,731,7.56,0.8,2.61,12.3,477,04-11-2015 03:55,04-11-2015 15:00,04-11-2015 19:00,-56,1
04-11-2015 05:00,8.9,-3.4,3.9,-4.9,360724,5.8,721,6.28,3.6,1.49,9.8,477,04-11-2015 03:55,04-11-2015 15:00,04-11-2015 19:00,-56,1
06-11-2015 18:00,13.4,-6.9,9.5,0.8,114558,5,502,2.35,-0.55,0.28,4.2,478,06-11-2015 18:18,07-11-2015 06:00,08-11-2015 16:00,-87,1
06-11-2015 19:00,17.7,-6.1,14.3,4.9,212406,5.5,580,3.56,-3.02,0.25,3.8,478,06-11-2015 18:18,07-11-2015 06:00,08-11-2015 16:00,-87,1
06-11-2015 20:00,18.2,-10.8,10.3,-0.6,321193,5.5,546,3.89,0.22,0.31,3.5,478,06-11-2015 18:18,07-11-2015 06:00,08-11-2015 16:00,-87,1
19-12-2015 16:00,9.6,4.9,-4.9,0.5,190199,12.2,418,4.24,-0.13,1.75,7.6,479,19-12-2015 16:16,20-12-2015 03:00,21-12-2015 20:00,-166,1
19-12-2015 17:00,14.1,5.6,-1.5,11.5,246769,18.5,453,7.46,-5.16,1.45,6.9,479,19-12-2015 16:16,20-12-2015 03:00,21-12-2015 20:00,-166,1
19-12-2015 18:00,7.2,0.6,0.3,-1.6,165270,36,480,16.01,0.77,8.48,20,479,19-12-2015 16:16,20-12-2015 03:00,21-12-2015 20:00,-166,1
31-12-2015 00:00,5.5,-3.4,4,-0.3,27621,7,336,1.44,0.13,1.5,8.1,480,31-12-2015 00:50,31-12-2015 17:00,02-01-2016 11:00,-116,1
31-12-2015 01:00,10.9,-6.7,6.2,4,67730,9.6,363,2.31,-1.42,0.66,5.2,480,31-12-2015 00:50,31-12-2015 17:00,02-01-2016 11:00,-116,1
31-12-2015 02:00,11.3,-9.7,2.1,0.6,183924,13.4,416,4.51,-0.21,1.36,6.7,480,31-12-2015 00:50,31-12-2015 17:00,02-01-2016 11:00,-116,1
18-01-2016 21:00,5.7,-1.5,5.1,0.9,32645,6.6,302,1.06,-0.33,1.36,6.8,481,18-01-2016 21:57,19-01-2016 10:00,21-01-2016 00:00,-101,1
18-01-2016 22:00,7.8,0.5,7.1,1.2,57553,10.7,332,2.1,-0.46,1.36,7,481,18-01-2016 21:57,19-01-2016 10:00,21-01-2016 00:00,-101,1
18-01-2016 23:00,10.7,-3.5,8,-3.5,83738,11.3,359,2.78,1.26,0.83,5.5,481,18-01-2016 21:57,19-01-2016 10:00,21-01-2016 00:00,-101,1
24-01-2016 14:00,7.3,1.2,-6.5,-1.8,63382,5.8,476,2.48,0.95,0.87,7.9,482,24-01-2016 14:00,24-01-2016 18:00,26-01-2016 18:00,-15,0
24-01-2016 15:00,4.9,-0.7,2.1,-0.4,106948,9.5,499,4.42,0.15,3.87,15.7,482,24-01-2016 14:00,24-01-2016 18:00,26-01-2016 18:00,-15,0
24-01-2016 16:00,6.1,3.6,3.9,3,65628,9.7,490,4.25,-1.52,2.1,12.5,482,24-01-2016 14:00,24-01-2016 18:00,26-01-2016 18:00,-15,0
05-03-2016 10:00,4.4,-3.2,2.1,-1.1,58664,5.1,349,1.32,0.42,2.05,9,483,05-03-2016 10:00,05-03-2016 19:00,06-03-2016 15:00,-6,0
05-03-2016 11:00,4.9,-2.6,2.3,-2.7,69373,6.1,362,1.61,0.98,2.09,9.1,483,05-03-2016 10:00,05-03-2016 19:00,06-03-2016 15:00,-6,0
05-03-2016 12:00,4.9,-1,4.2,-0.5,81214,7.3,372,2.01,0.15,2.65,10.3,483,05-03-2016 10:00,05-03-2016 19:00,06-03-2016 15:00,-6,0
20-03-2016 07:00,4.9,3.8,0.1,1,50229,2.4,378,0.65,-0.38,0.74,6,484,20-03-2016 07:00,20-03-2016 14:00,21-03-2016 04:00,-42,0
20-03-2016 08:00,5.7,5.5,-0.5,1.1,63268,1.9,393,0.56,-0.43,0.47,4.8,484,20-03-2016 07:00,20-03-2016 14:00,21-03-2016 04:00,-42,0
20-03-2016 09:00,6.5,6.3,-0.9,1.2,151881,2.3,429,0.81,-0.47,0.63,5,484,20-03-2016 07:00,20-03-2016 14:00,21-03-2016 04:00,-42,0
14-04-2016 07:00,4.2,2.7,-2.2,-0.9,76418,2.8,449,1.03,0.4,1.35,8.9,485,14-04-2016 07:35,14-04-2016 09:00,15-04-2016 04:00,-61,1
14-04-2016 08:00,7.9,5,-6,-0.9,51951,4.8,478,1.97,0.38,0.58,6.6,485,14-04-2016 07:35,14-04-2016 09:00,15-04-2016 04:00,-61,1
14-04-2016 09:00,9.2,5.1,-5.9,-1.4,42529,5.3,475,2.16,0.62,0.45,5.9,485,14-04-2016 07:35,14-04-2016 09:00,15-04-2016 04:00,-61,1
17-04-2016 03:00,5.6,0.8,0.8,-4.3,28181,12.3,416,4.15,1.79,2.55,13,486,17-04-2016 03:00,17-04-2016 03:00,18-04-2016 08:00,-30,0
17-04-2016 04:00,6.3,-0.3,-1.2,-6.1,11106,5,428,1.82,2.57,0.73,7.6,486,17-04-2016 03:00,17-04-2016 03:00,18-04-2016 08:00,-30,0
17-04-2016 05:00,6.1,-2.2,-1.5,-5.3,15388,7.3,432,2.73,2.25,1.17,9.6,486,17-04-2016 03:00,17-04-2016 03:00,18-04-2016 08:00,-30,0
19-07-2016 23:00,4,-1,3.5,0.3,23270,10.6,326,2.1,-0.1,4.18,13.3,487,19-07-2016 23:05,20-07-2016 07:00,22-07-2016 15:00,-26,0
20-07-2016 00:00,15.1,-4.4,12.6,-0.5,63465,41,407,12.88,0.28,1.43,8.6,487,19-07-2016 23:05,20-07-2016 07:00,22-07-2016 15:00,-26,0
20-07-2016 01:00,27.3,-2.3,-15.9,0.6,193612,43.8,450,17.54,-0.45,0.79,5.5,487,19-07-2016 23:05,20-07-2016 07:00,22-07-2016 15:00,-26,0
24-07-2016 15:00,6.5,5.5,2.9,-1.2,57641,9.5,382,3.57,0.38,1.74,9.1,488,24-07-2016 15:00,24-07-2016 21:00,25-07-2016 16:00,-37,0
24-07-2016 16:00,9.7,5.1,-1.4,-3,89068,12.6,410,4.8,1.23,1.21,7.5,488,24-07-2016 15:00,24-07-2016 21:00,25-07-2016 16:00,-37,0
24-07-2016 17:00,9.9,5.7,-4.4,-5.6,151412,10.3,431,3.76,2.54,1.22,7,488,24-07-2016 15:00,24-07-2016 21:00,25-07-2016 16:00,-37,0
25-07-2016 22:00,3,-2.1,0.8,-1,12751,7.6,400,2.66,0.36,4.96,18.4,489,25-07-2016 22:00,25-07-2016 22:00,26-07-2016 10:00,-13,0
25-07-2016 23:00,3.2,-2.6,1.5,-0.9,9415,7.2,392,2.31,0.39,4.03,16.4,489,25-07-2016 22:00,25-07-2016 22:00,26-07-2016 10:00,-13,0
26-07-2016 00:00,2.8,-2.3,1.3,-0.7,10472,8.6,384,2.41,0.27,6.34,20.1,489,25-07-2016 22:00,25-07-2016 22:00,26-07-2016 10:00,-13,0
02-08-2016 14:00,11.2,8.7,4.7,3.8,35116,39.3,373,9.68,-1.49,2.13,10.4,490,02-08-2016 14:00,02-08-2016 14:00,03-08-2016 03:00,-16,0
02-08-2016 15:00,10.7,5.3,3.3,5.8,65771,39.4,377,10.25,-2.26,2.78,11.1,490,02-08-2016 14:00,02-08-2016 14:00,03-08-2016 03:00,-16,0
02-08-2016 16:00,17.3,0.4,2.3,16.5,26922,19.1,407,5.66,-6.76,0.41,5.1,490,02-08-2016 14:00,02-08-2016 14:00,03-08-2016 03:00,-16,0
12-10-2016 22:00,5.7,3.9,-0.8,2.8,70399,11.8,382,3.24,-1.03,3,11.5,491,12-10-2016 22:12,13-10-2016 06:00,14-10-2016 16:00,-110,1
12-10-2016 23:00,7.8,0.3,-5.1,2,86461,17.4,424,5.79,-0.89,2.56,11.3,491,12-10-2016 22:12,13-10-2016 06:00,14-10-2016 16:00,-110,1
13-10-2016 00:00,6.7,0.5,-4.4,2,93515,17.2,424,5.7,-0.89,3.54,13.1,491,12-10-2016 22:12,13-10-2016 06:00,14-10-2016 16:00,-110,1
04-11-2016 18:00,5.2,-3.7,3,0.8,45437,5.2,364,1.22,-0.36,1.39,8,492,04-11-2016 18:00,04-11-2016 18:00,05-11-2016 21:00,-16,0
04-11-2016 19:00,5.2,-5,1.1,0.4,35758,4.2,351,0.96,-0.14,1.06,6.9,492,04-11-2016 18:00,04-11-2016 18:00,05-11-2016 21:00,-16,0
04-11-2016 20:00,5.1,-4.9,0.7,1,27116,4.6,354,1.03,-0.35,1.14,7.4,492,04-11-2016 18:00,04-11-2016 18:00,05-11-2016 21:00,-16,0
09-11-2016 06:00,4.8,2.1,-3.7,1.7,17545,18.1,300,2.91,-0.57,4.77,13.3,493,09-11-2016 06:04,10-11-2016 00:00,10-11-2016 16:00,-57,1
09-11-2016 07:00,6.8,0,-6.5,1.6,24710,30.7,331,5.86,-0.63,4.23,13.5,493,09-11-2016 06:04,10-11-2016 00:00,10-11-2016 16:00,-57,1
09-11-2016 08:00,8.3,-2.8,-5.8,-3.1,28705,29.2,339,5.83,0.98,2.77,11,493,09-11-2016 06:04,10-11-2016 00:00,10-11-2016 16:00,-57,1
04-04-2017 01:00,3.7,-0.5,-3.3,-0.9,44805,6,407,1.91,0.37,3.16,13.5,494,04-04-2017 01:00,04-04-2017 04:00,04-04-2017 14:00,-66,1
04-04-2017 02:00,4,-0.2,-2.2,-1.3,41625,7.9,411,2.5,0.53,3.49,14.4,494,04-04-2017 01:00,04-04-2017 04:00,04-04-2017 14:00,-66,1
04-04-2017 03:00,5.6,0.2,-3.3,-3.9,46350,14.1,420,4.6,1.64,3.27,14.1,494,04-04-2017 01:00,04-04-2017 04:00,04-04-2017 14:00,-66,1
09-04-2017 00:00,5.2,-2.7,1.6,-3.7,125382,3.9,569,2.34,2.11,1.52,10.8,495,09-04-2017 00:00,09-04-2017 00:00,10-04-2017 08:00,-38,0
09-04-2017 01:00,5.5,-3.2,2.8,-3.3,92942,4.4,554,2.52,1.83,1.34,10.6,495,09-04-2017 00:00,09-04-2017 00:00,10-04-2017 08:00,-38,0
09-04-2017 02:00,5.8,-2.9,2.8,-2.9,62325,4.5,528,2.29,1.53,1.06,9.7,495,09-04-2017 00:00,09-04-2017 00:00,10-04-2017 08:00,-38,0
13-04-2017 15:00,2.8,0.8,-2.1,-1.4,47890,3.2,377,0.86,0.53,2.99,12,496,13-04-2017 15:00,14-04-2017 00:00,15-04-2017 00:00,-30,0
13-04-2017 16:00,3.5,-0.3,-1.6,-2.9,48486,4,381,1.09,1.1,2.4,10.9,496,13-04-2017 15:00,14-04-2017 00:00,15-04-2017 00:00,-30,0
13-04-2017 17:00,3.7,1.6,-2.1,-1.4,57278,4.7,383,1.31,0.54,2.65,11.2,496,13-04-2017 15:00,14-04-2017 00:00,15-04-2017 00:00,-30,0
27-05-2017 15:00,4.5,-0.7,-2.6,-2.1,28834,12.2,319,2.19,0.67,3.94,12.4,497,27-05-2017 15:34,27-05-2017 22:00,29-05-2017 14:00,-146,1
27-05-2017 16:00,6.8,0.1,-4,-3.5,78102,28.8,360,6.78,1.26,5.35,14.2,497,27-05-2017 15:34,27-05-2017 22:00,29-05-2017 14:00,-146,1
27-05-2017 17:00,6.3,0.9,1.4,-4.4,102760,34.6,365,8.31,1.61,8.38,17,497,27-05-2017 15:34,27-05-2017 22:00,29-05-2017 14:00,-146,1
16-07-2017 05:00,3.1,-1.1,-2.7,0.7,17222,6.5,313,1.09,-0.22,4.1,12.9,498,16-07-2017 05:59,16-07-2017 15:00,17-07-2017 20:00,-71,1
16-07-2017 06:00,7.3,-1.2,-5.5,2.6,72064,17.9,353,3.98,-0.92,2.8,10.2,498,16-07-2017 05:59,16-07-2017 15:00,17-07-2017 20:00,-71,1
16-07-2017 07:00,12.5,-8.5,-3.2,-0.3,246448,43.8,401,13.08,0.12,4.37,10.6,498,16-07-2017 05:59,16-07-2017 15:00,17-07-2017 20:00,-71,1
21-08-2017 22:00,5.9,-4.6,3,0.6,143244,4.6,551,2.6,-0.33,1.49,10,499,21-08-2017 22:00,22-08-2017 04:00,23-08-2017 18:00,-52,1
21-08-2017 23:00,6,-4.2,-0.6,1.6,245308,4.8,597,3.3,-0.96,2.07,10.9,499,21-08-2017 22:00,22-08-2017 04:00,23-08-2017 18:00,-52,1
22-08-2017 00:00,5.8,3.6,-2.3,-3,132664,6.9,573,4.15,1.72,2.23,13,499,21-08-2017 22:00,22-08-2017 04:00,23-08-2017 18:00,-52,1
06-09-2017 23:00,4.5,0,-3.3,2,44679,3.7,424,1.16,-0.85,1.32,9.1,500,06-09-2017 23:47,07-09-2017 20:00,08-09-2017 04:00,-26,0
07-09-2017 00:00,10.5,1.4,-3,6.8,243616,8.7,555,4.94,-3.77,1.22,7.8,500,06-09-2017 23:47,07-09-2017 20:00,08-09-2017 04:00,-26,0
07-09-2017 01:00,14.4,0.4,-4.5,9.1,258769,12.9,578,8.2,-5.26,1,7.2,500,06-09-2017 23:47,07-09-2017 20:00,08-09-2017 04:00,-26,0
07-09-2017 23:00,22.2,5,1.7,-20.6,112109,3.9,582,2.7,11.99,0.08,2.6,501,07-09-2017 23:02,08-09-2017 11:00,10-09-2017 21:00,-148,1
08-09-2017 00:00,27.3,6.2,-0.7,-24.2,439169,4,690,4.35,16.7,0.13,2.5,501,07-09-2017 23:02,08-09-2017 11:00,10-09-2017 21:00,-148,1
08-09-2017 01:00,21,2.6,-10.7,-16.1,1866615,3.4,678,3.41,10.92,0.64,3,501,07-09-2017 23:02,08-09-2017 11:00,10-09-2017 21:00,-148,1
25-12-2017 00:00,4.9,3.5,-3.1,-0.6,89527,4.3,539,2.45,0.32,1.62,11.4,502,25-12-2017 00:00,25-12-2017 00:00,26-12-2017 04:00,-26,0
25-12-2017 01:00,5.5,5,-1.9,-1.1,82304,4.2,533,2.3,0.59,1.22,9.9,502,25-12-2017 00:00,25-12-2017 00:00,26-12-2017 04:00,-26,0
25-12-2017 02:00,5.8,5.7,-0.8,-0.3,91686,4.4,529,2.37,0.16,1.2,9.6,502,25-12-2017 00:00,25-12-2017 00:00,26-12-2017 04:00,-26,0
09-03-2018 18:00,5,-0.7,4.4,0.2,56700,13.7,381,3.6,-0.08,4.22,14.1,503,09-03-2018 18:09,09-03-2018 22:00,11-03-2018 00:00,-39,0
09-03-2018 19:00,7.5,2.3,6.4,1.1,69663,19.2,432,6.61,-0.48,2.81,12.6,503,09-03-2018 18:09,09-03-2018 22:00,11-03-2018 00:00,-39,0
09-03-2018 20:00,7.6,3.7,6.2,-1.8,80103,17.4,439,6.18,0.79,2.61,12,503,09-03-2018 18:09,09-03-2018 22:00,11-03-2018 00:00,-39,0
13-05-2018 06:00,6.1,-0.8,-4.6,-2.8,83131,8.5,444,3.11,1.24,2.01,10.6,504,13-05-2018 06:00,13-05-2018 06:00,13-05-2018 14:00,-21,0
13-05-2018 07:00,6.5,-0.4,-6,-1.3,59675,10.5,444,3.79,0.58,1.94,11.1,504,13-05-2018 06:00,13-05-2018 06:00,13-05-2018 14:00,-21,0
13-05-2018 08:00,8.6,-0.6,-8.5,-0.2,15229,5,438,1.66,0.09,0.4,5.7,504,13-05-2018 06:00,13-05-2018 06:00,13-05-2018 14:00,-21,0
06-06-2018 11:00,3.6,2.2,-1.7,0.5,56894,3.9,405,1.2,-0.2,2.32,11.1,505,06-06-2018 11:00,06-06-2018 11:00,07-06-2018 10:00,-23,0
06-06-2018 12:00,3,-2.7,0.4,-0.7,69208,4.5,414,1.44,0.29,4.11,14.6,505,06-06-2018 11:00,06-06-2018 11:00,07-06-2018 10:00,-23,0
06-06-2018 13:00,3.9,-2.8,-0.7,-1.9,61334,5.3,429,1.76,0.82,2.75,12.7,505,06-06-2018 11:00,06-06-2018 11:00,07-06-2018 10:00,-23,0
25-06-2018 09:00,4.6,-1.9,3.7,-0.1,35043,4.9,414,1.46,0.04,1.57,10,506,25-06-2018 09:10,25-06-2018 10:00,26-06-2018 05:00,-47,0
25-06-2018 10:00,5,-2,4.2,0.4,32607,5.7,405,1.62,-0.16,1.53,9.7,506,25-06-2018 09:10,25-06-2018 10:00,26-06-2018 05:00,-47,0
25-06-2018 11:00,5,-1.6,3.3,-3.1,35705,5.9,411,1.74,1.27,1.61,10,506,25-06-2018 09:10,25-06-2018 10:00,26-06-2018 05:00,-47,0
30-06-2018 13:00,4.7,-0.4,-3.4,-1.9,45519,3.7,427,1.22,0.81,1.21,8.7,507,30-06-2018 13:00,30-06-2018 20:00,02-07-2018 10:00,-10,0
30-06-2018 14:00,4.4,-0.3,-3.9,-0.7,55672,3.9,430,1.32,0.3,1.54,9.6,507,30-06-2018 13:00,30-06-2018 20:00,02-07-2018 10:00,-10,0
30-06-2018 15:00,3.9,1,-3.3,0.4,54851,3.8,426,1.28,-0.17,1.9,10.6,507,30-06-2018 13:00,30-06-2018 20:00,02-07-2018 10:00,-10,0
10-07-2018 12:00,4.1,1.2,-3.2,-0.1,22512,32,378,7.67,0.04,11.95,26.1,508,10-07-2018 12:00,10-07-2018 12:00,11-07-2018 11:00,-4,0
10-07-2018 13:00,9.1,2.1,4.4,-2.4,18190,20.9,348,4.46,0.84,1.54,8.7,508,10-07-2018 12:00,10-07-2018 12:00,11-07-2018 11:00,-4,0
10-07-2018 14:00,11.1,-5.6,8,3.9,12879,9.1,360,2.07,-1.4,0.43,4.9,508,10-07-2018 12:00,10-07-2018 12:00,11-07-2018 11:00,-4,0
25-08-2018 02:00,6.3,3,-4.3,2.5,17536,6.9,337,1.4,-0.84,1.06,7,509,25-08-2018 02:00,25-08-2018 12:00,26-08-2018 12:00,-176,1
25-08-2018 03:00,7.8,2.3,-6.4,2.4,28883,7.1,375,1.78,-0.9,0.76,6.4,509,25-08-2018 02:00,25-08-2018 12:00,26-08-2018 12:00,-176,1
25-08-2018 04:00,7.3,4.6,-2.3,4.8,22090,7.2,379,1.84,-1.82,0.85,7,509,25-08-2018 02:00,25-08-2018 12:00,26-08-2018 12:00,-176,1
23-09-2018 04:00,5.2,-2.5,2.8,-1.6,72679,6,453,2.29,0.72,1.86,10.7,510,23-09-2018 04:00,23-09-2018 04:00,24-09-2018 00:00,-41,0
23-09-2018 05:00,5.2,3.8,-1.3,-2.9,48058,4.9,442,1.71,1.28,1.33,9.4,510,23-09-2018 04:00,23-09-2018 04:00,24-09-2018 00:00,-41,0
23-09-2018 06:00,6.1,5.2,-2.9,-0.6,23743,4.1,445,1.4,0.27,0.7,7.4,510,23-09-2018 04:00,23-09-2018 04:00,24-09-2018 00:00,-41,0
07-05-2019 22:00,1.7,1.5,0.1,-0.4,20859,11.3,348,2.32,0.14,24.27,34.4,511,07-05-2019 22:00,07-05-2019 22:00,09-05-2019 04:00,-4,0
07-05-2019 23:00,2.2,1.9,-0.8,-0.6,20277,10.3,343,2.06,0.21,13.16,25,511,07-05-2019 22:00,07-05-2019 22:00,09-05-2019 04:00,-4,0
08-05-2019 00:00,2.4,2.2,-0.6,-0.6,19389,10,341,1.97,0.2,10.67,22.5,511,07-05-2019 22:00,07-05-2019 22:00,09-05-2019 04:00,-4,0
10-05-2019 17:00,4.5,2,-2.6,-2.3,43209,7.7,337,1.54,0.78,2.71,10.4,512,10-05-2019 17:54,11-05-2019 06:00,13-05-2019 07:00,-54,1
10-05-2019 18:00,8,2.3,-6.5,-1.8,68584,15.7,373,3.87,0.67,2.01,9.2,512,10-05-2019 17:54,11-05-2019 06:00,13-05-2019 07:00,-54,1
10-05-2019 19:00,8.9,1.2,-7.7,-2.1,64660,14.9,380,3.74,0.8,1.51,8.2,512,10-05-2019 17:54,11-05-2019 06:00,13-05-2019 07:00,-54,1
13-05-2019 23:00,5.5,2.1,0.5,-0.4,256054,6.7,393,1.97,0.16,3.54,9.2,513,13-05-2019 23:26,14-05-2019 06:00,15-05-2019 16:00,-68,1
14-05-2019 00:00,6.2,-1.9,1.9,-0.9,292698,10.1,444,3.66,0.4,4.6,11.4,513,13-05-2019 23:26,14-05-2019 06:00,15-05-2019 16:00,-68,1
14-05-2019 01:00,11,7.6,-6.8,-1.6,219076,4,435,1.47,0.7,0.48,4,513,13-05-2019 23:26,14-05-2019 06:00,15-05-2019 16:00,-68,1
16-05-2019 21:00,6.5,-3.4,4.7,0.4,100368,5.5,455,2.16,-0.18,1.24,8.2,514,16-05-2019 21:00,16-05-2019 23:00,18-05-2019 08:00,-14,0
16-05-2019 22:00,6.5,-3.1,-0.8,1.1,84506,5.7,457,2.23,-0.5,1.19,8.4,514,16-05-2019 21:00,16-05-2019 23:00,18-05-2019 08:00,-14,0
16-05-2019 23:00,5.8,-0.5,-3.8,-0.2,89925,4.6,472,1.99,0.09,1.24,8.7,514,16-05-2019 21:00,16-05-2019 23:00,18-05-2019 08:00,-14,0
26-05-2019 22:00,3.2,-1.8,1.1,1.9,51274,8.8,324,1.61,-0.62,6.42,15,515,26-05-2019 22:14,27-05-2019 04:00,28-05-2019 00:00,-21,0
26-05-2019 23:00,4.9,-0.7,0.5,3.7,54245,16.4,352,3.53,-1.3,5.19,14.5,515,26-05-2019 22:14,27-05-2019 04:00,28-05-2019 00:00,-21,0
27-05-2019 00:00,4.9,-0.3,0.7,3.1,37794,18.6,355,4.04,-1.1,5.35,15.6,515,26-05-2019 22:14,27-05-2019 04:00,28-05-2019 00:00,-21,0
29-10-2019 20:00,5.3,-1.8,2,1.4,38212,10,399,2.79,-0.56,2.47,11.9,516,29-10-2019 20:00,29-10-2019 20:00,30-10-2019 21:00,-19,0
29-10-2019 21:00,6.5,-3.3,-3.3,3.8,35394,8.2,396,2.24,-1.5,1.32,8.7,516,29-10-2019 20:00,29-10-2019 20:00,30-10-2019 21:00,-19,0
29-10-2019 22:00,6.2,-1.3,-5.5,2.3,32939,11.4,399,3.14,-0.92,1.99,10.9,516,29-10-2019 20:00,29-10-2019 20:00,30-10-2019 21:00,-19,0
11-11-2019 06:00,4.4,-1,3,-0.7,27941,16.2,328,2.98,0.23,5.44,15,517,11-11-2019 06:00,11-11-2019 10:00,12-11-2019 12:00,-29,0
11-11-2019 07:00,6.7,-1.2,4.2,-2.2,41034,16.3,337,3.19,0.74,2.56,10.2,517,11-11-2019 06:00,11-11-2019 10:00,12-11-2019 12:00,-29,0
11-11-2019 08:00,4.8,-0.7,3.1,-0.3,38905,16.4,338,3.19,0.1,4.95,14.3,517,11-11-2019 06:00,11-11-2019 10:00,12-11-2019 12:00,-29,0
04-01-2020 10:00,3.6,0.4,-3.3,-0.4,38594,2.7,394,0.75,0.16,1.45,9,518,04-01-2020 10:00,04-01-2020 10:00,05-01-2020 06:00,-26,0
04-01-2020 11:00,4.2,0.9,-3.5,-1.6,31582,2.8,389,0.73,0.62,1.06,7.7,518,04-01-2020 10:00,04-01-2020 10:00,05-01-2020 06:00,-26,0
04-01-2020 12:00,4.4,1.2,-3.9,-1.6,30111,3.4,385,0.86,0.62,1.16,8.1,518,04-01-2020 10:00,04-01-2020 10:00,05-01-2020 06:00,-26,0
20-04-2020 02:00,4.4,-1.6,4,0.1,20408,6.8,308,1.12,-0.03,2.17,9.1,519,20-04-2020 02:31,20-04-2020 09:00,21-04-2020 04:00,-68,1
20-04-2020 03:00,7.5,-0.5,-4.1,-2.5,27183,11.8,343,2.36,0.86,1.36,7.9,519,20-04-2020 02:31,20-04-2020 09:00,21-04-2020 04:00,-68,1
20-04-2020 04:00,7,-0.6,-4.5,-2,34081,14.9,346,3.05,0.69,2.05,9.5,519,20-04-2020 02:31,20-04-2020 09:00,21-04-2020 04:00,-68,1
05-10-2020 08:00,3.9,-2.1,1.7,-0.1,54409,7.7,344,1.77,0.03,3.85,12.2,520,05-10-2020 08:06,05-10-2020 17:00,06-10-2020 14:00,-41,0
05-10-2020 09:00,3.9,-1.6,2.7,-0.9,56116,7.9,348,1.89,0.31,3.99,12.5,520,05-10-2020 08:06,05-10-2020 17:00,06-10-2020 14:00,-41,0
05-10-2020 10:00,4.3,-0.8,3.4,0.6,58988,8.2,355,2.02,-0.21,3.46,11.8,520,05-10-2020 08:06,05-10-2020 17:00,06-10-2020 14:00,-41,0
10-12-2020 02:00,10.2,2.3,-7.6,3.8,216570,8.4,503,4.22,-1.91,1.16,7.1,521,10-12-2020 02:10,10-12-2020 23:00,13-12-2020 04:00,-14,0
10-12-2020 03:00,12.2,0.6,-10.6,0.2,359405,11.6,566,7.4,-0.11,1.58,7.9,521,10-12-2020 02:10,10-12-2020 23:00,13-12-2020 04:00,-14,0
10-12-2020 04:00,8.6,0.4,-6.2,1.8,379216,12.2,551,7.1,-0.99,3.48,11.2,521,10-12-2020 02:10,10-12-2020 23:00,13-12-2020 04:00,-14,0
23-02-2021 02:00,6.2,4.8,0,0,174238,3.7,568,2.29,0,1.21,8.8,522,23-02-2021 02:00,23-02-2021 08:00,24-02-2021 15:00,-25,0
23-02-2021 03:00,5.4,3.6,-0.3,0.4,205158,4,575,2.65,-0.23,1.9,10.6,522,23-02-2021 02:00,23-02-2021 08:00,24-02-2021 15:00,-25,0
23-02-2021 04:00,5.2,3.3,-2.5,0.3,194963,4.5,572,2.93,-0.17,2.24,11.7,522,23-02-2021 02:00,23-02-2021 08:00,24-02-2021 15:00,-25,0
12-05-2021 06:00,4.6,-2.9,1.2,-2.1,56664,10.5,339,2.1,0.71,3.82,11.9,523,12-05-2021 06:37,12-05-2021 15:00,14-05-2021 20:00,-61,1
12-05-2021 07:00,10.6,-1.8,2.4,1.7,144973,28,414,8.82,-0.7,2.83,10.3,523,12-05-2021 06:37,12-05-2021 15:00,14-05-2021 20:00,-61,1
12-05-2021 08:00,16.2,-2.1,5,10.9,101883,24,452,8.78,-4.93,0.88,6.8,523,12-05-2021 06:37,12-05-2021 15:00,14-05-2021 20:00,-61,1
26-05-2021 12:00,3.2,-1.5,2.7,-0.7,17763,7.7,295,1.15,0.21,4.57,12.8,524,26-05-2021 12:44,26-05-2021 22:00,29-05-2021 05:00,-28,0
26-05-2021 13:00,8,-2.9,7.2,0.2,41662,17.5,343,3.7,-0.07,1.93,9,524,26-05-2021 12:44,26-05-2021 22:00,29-05-2021 05:00,-28,0
26-05-2021 14:00,8.5,-4.5,2.8,5.7,56467,22.2,346,4.74,-1.97,2.36,9.6,524,26-05-2021 12:44,26-05-2021 22:00,29-05-2021 05:00,-28,0
05-07-2021 01:00,1.7,-0.9,-0.6,0.8,15196,4.6,313,0.8,-0.25,9.51,19.7,525,05-07-2021 01:41,05-07-2021 04:00,06-07-2021 02:00,-18,0
05-07-2021 02:00,3.2,-1.7,-2.4,-0.4,21380,7.4,334,1.46,0.13,4.5,14.2,525,05-07-2021 01:41,05-07-2021 04:00,06-07-2021 02:00,-18,0
05-07-2021 03:00,2.8,1.1,-1.5,0.1,31916,10.7,336,2.23,-0.03,9.1,19.6,525,05-07-2021 01:41,05-07-2021 04:00,06-07-2021 02:00,-18,0
27-08-2021 01:00,3.4,-2.1,0.7,-0.9,107588,8.5,397,2.66,0.36,7.22,17,526,27-08-2021 01:14,27-08-2021 12:00,28-08-2021 15:00,-82,1
27-08-2021 02:00,5.5,-3.9,3,1.2,105622,9.7,405,3.07,-0.49,3.12,11.5,526,27-08-2021 01:14,27-08-2021 12:00,28-08-2021 15:00,-82,1
27-08-2021 03:00,6.2,-4.5,2.5,3.2,84122,8.9,401,2.72,-1.28,2.05,9.6,526,27-08-2021 01:14,27-08-2021 12:00,28-08-2021 15:00,-82,1
27-09-2021 00:00,5.1,0.9,-2.6,2.8,28315,8.4,389,2.2,-1.09,2.1,11.1,527,27-09-2021 00:00,27-09-2021 00:00,27-09-2021 21:00,7,0
27-09-2021 01:00,6.9,-2.8,-5.1,-3.2,13972,5.3,390,1.44,1.25,0.66,6.5,527,27-09-2021 00:00,27-09-2021 00:00,27-09-2021 21:00,7,0
27-09-2021 02:00,6.3,-2.8,-4.2,-2.7,16717,8.4,387,2.34,1.04,1.28,8.9,527,27-09-2021 00:00,27-09-2021 00:00,27-09-2021 21:00,7,0
01-10-2021 10:00,6.5,4,-4.5,-2.1,99973,6.2,549,3.32,1.15,1.39,10.5,528,01-10-2021 10:00,01-10-2021 11:00,02-10-2021 13:00,-30,0
01-10-2021 11:00,5.3,1.9,-1.1,-2,62209,10.5,526,5.01,1.05,2.96,16.1,528,01-10-2021 10:00,01-10-2021 11:00,02-10-2021 13:00,-30,0
01-10-2021 12:00,3.9,0,2.3,-2.4,56966,11.6,519,5.36,1.25,5.88,22.7,528,01-10-2021 10:00,01-10-2021 11:00,02-10-2021 13:00,-30,0
12-10-2021 02:00,8.8,-2,0.6,-7.6,178003,12.7,411,3.88,3.12,2.09,8.3,529,12-10-2021 02:26,12-10-2021 16:00,14-10-2021 00:00,-65,1
12-10-2021 03:00,12.2,-6.3,-6.2,-6.6,181883,23.5,435,8.41,2.87,2.04,8.6,529,12-10-2021 02:26,12-10-2021 16:00,14-10-2021 00:00,-65,1
12-10-2021 04:00,9.4,-3.2,-2.8,-2.4,191998,26.9,439,9.45,1.05,4.06,12.1,529,12-10-2021 02:26,12-10-2021 16:00,14-10-2021 00:00,-65,1
03-11-2021 19:00,2.5,-0.2,1.8,0.3,88339,1.6,483,0.71,-0.14,2.31,12.2,530,03-11-2021 19:42,04-11-2021 07:00,05-11-2021 05:00,-105,1
03-11-2021 20:00,9.9,-1.1,7.5,-1.6,209776,5.5,623,4.19,1,0.79,7.4,530,03-11-2021 19:42,04-11-2021 07:00,05-11-2021 05:00,-105,1
03-11-2021 21:00,18,5.1,8.5,-10.7,382029,9.9,725,9.8,7.76,0.65,6.3,530,03-11-2021 19:42,04-11-2021 07:00,05-11-2021 05:00,-105,1
27-11-2021 22:00,4.9,2.8,-2.2,3.3,10547,7.6,299,1.24,-0.99,1.83,8.4,531,27-11-2021 22:51,28-11-2021 10:00,29-11-2021 02:00,-12,0
27-11-2021 23:00,12.2,3.1,-11.2,-0.2,35399,20.5,366,5.08,0.07,0.94,6.8,531,27-11-2021 22:51,28-11-2021 10:00,29-11-2021 02:00,-12,0
28-11-2021 00:00,14.2,5,-13,1.5,41045,24.9,378,6.46,-0.57,0.87,6.6,531,27-11-2021 22:51,28-11-2021 10:00,29-11-2021 02:00,-12,0
18-01-2022 23:00,5.7,1.6,-3.5,-3.3,133449,1.9,610,1.37,2.01,0.64,7.4,532,18-01-2022 23:40,19-01-2022 05:00,20-01-2022 01:00,-44,0
19-01-2022 00:00,8.3,1.1,-4.7,-5.6,251267,3.1,661,2.67,3.7,0.71,7,532,18-01-2022 23:40,19-01-2022 05:00,20-01-2022 01:00,-44,0
19-01-2022 01:00,8.6,2.7,-1.6,-5.2,351055,3.1,652,2.72,3.39,0.84,6.7,532,18-01-2022 23:40,19-01-2022 05:00,20-01-2022 01:00,-44,0
01-02-2022 22:00,8.5,-2.7,4.7,0.9,115315,5.5,405,1.7,-0.36,0.77,5.6,533,01-02-2022 22:20,02-02-2022 16:00,03-02-2022 11:00,-66,1
01-02-2022 23:00,12.7,0.7,8.3,-4,174962,9.7,473,4.12,1.89,0.76,5.8,533,01-02-2022 22:20,02-02-2022 16:00,03-02-2022 11:00,-66,1
02-02-2022 00:00,12.1,0.5,10.9,2.7,176229,10,468,4.05,-1.26,0.87,6.1,533,01-02-2022 22:20,02-02-2022 16:00,03-02-2022 11:00,-66,1
03-02-2022 23:00,3.4,0.9,-1.2,2.2,94084,11.4,531,5.65,-1.17,9.13,26.4,534,03-02-2022 23:41,04-02-2022 03:00,04-02-2022 20:00,-56,1
04-02-2022 00:00,7.3,-3.5,-3.9,-1.8,117438,14.9,578,8.94,1.04,2.86,15.3,534,03-02-2022 23:41,04-02-2022 03:00,04-02-2022 20:00,-56,1
04-02-2022 01:00,6.3,-3.5,-4.9,-1.4,111691,15.8,569,9.19,0.8,3.98,18,534,03-02-2022 23:41,04-02-2022 03:00,04-02-2022 20:00,-56,1
09-02-2022 21:00,6.8,-1.4,-6.4,-1.2,43042,5.6,403,1.6,0.48,0.86,7,535,09-02-2022 21:00,10-02-2022 13:00,11-02-2022 18:00,-60,1
09-02-2022 22:00,7.4,-2.1,-6.5,-0.6,54996,6.6,406,1.92,0.24,0.92,7,535,09-02-2022 21:00,10-02-2022 13:00,11-02-2022 18:00,-60,1
09-02-2022 23:00,7.7,-2.9,-6.4,-2,50966,6.5,399,1.82,0.8,0.82,6.6,535,09-02-2022 21:00,10-02-2022 13:00,11-02-2022 18:00,-60,1
13-03-2022 10:00,4.6,3.1,-0.1,0,93639,4.9,400,1.42,0,2.14,9.6,536,13-03-2022 10:47,13-03-2022 21:00,15-03-2022 19:00,-85,1
13-03-2022 11:00,13.9,3.4,1.4,1.6,261564,21.1,535,12.59,-0.86,1.77,8.8,536,13-03-2022 10:47,13-03-2022 21:00,15-03-2022 19:00,-85,1
13-03-2022 12:00,12.2,-0.5,6.2,-6.7,205331,29.7,505,15.43,3.38,2.77,11.3,536,13-03-2022 10:47,13-03-2022 21:00,15-03-2022 19:00,-85,1
31-03-2022 02:00,6,-0.2,0.6,-5,166670,27.2,481,11.35,2.4,9.27,20.9,537,31-03-2022 02:24,31-03-2022 12:00,01-04-2022 12:00,-19,0
31-03-2022 03:00,13.8,0.1,-1.9,-5.3,251979,32.4,501,14.78,2.66,2.69,10.3,537,31-03-2022 02:24,31-03-2022 12:00,01-04-2022 12:00,-19,0
31-03-2022 04:00,16.5,-4.6,-12,0.4,196730,29.4,504,13.47,-0.2,1.46,8.3,537,31-03-2022 02:24,31-03-2022 12:00,01-04-2022 12:00,-19,0
06-04-2022 23:00,5.6,2.2,1.2,2,79914,5.3,385,1.41,-0.77,1.46,7.9,538,06-04-2022 23:18,07-04-2022 13:00,08-04-2022 22:00,-26,0
07-04-2022 00:00,5.3,-0.7,-3,-0.1,118569,5.8,400,1.7,0.04,2.12,9.1,538,06-04-2022 23:18,07-04-2022 13:00,08-04-2022 22:00,-26,0
07-04-2022 01:00,6.5,0.5,-2.6,2.3,105552,5.9,401,1.74,-0.92,1.36,7.5,538,06-04-2022 23:18,07-04-2022 13:00,08-04-2022 22:00,-26,0
12-04-2022 11:00,4.6,2.5,-1.7,-2.7,128451,5,455,2.14,1.23,2.52,11.1,539,12-04-2022 11:22,13-04-2022 02:00,13-04-2022 22:00,-24,0
12-04-2022 12:00,6.9,1.2,-4,-3.7,145877,7.1,495,3.54,1.83,1.7,9.6,539,12-04-2022 11:22,13-04-2022 02:00,13-04-2022 22:00,-24,0
12-04-2022 13:00,6.1,-0.5,3.2,-3.5,189059,8.1,505,3.99,1.77,2.87,11.8,539,12-04-2022 11:22,13-04-2022 02:00,13-04-2022 22:00,-24,0
14-04-2022 09:00,9.4,4.5,-3.2,-6.9,72688,6.7,463,2.65,3.19,0.63,6.4,540,14-04-2022 09:00,14-04-2022 13:00,15-04-2022 02:00,-81,1
14-04-2022 10:00,10.9,0.4,-0.7,0,68902,8.5,467,3.29,0,0.59,6.2,540,14-04-2022 09:00,14-04-2022 13:00,15-04-2022 02:00,-81,1
14-04-2022 11:00,11,-5.6,3.2,8.3,78302,8.7,475,3.42,-3.94,0.62,6.4,540,14-04-2022 09:00,14-04-2022 13:00,15-04-2022 02:00,-81,1
07-07-2022 09:00,4.8,2.2,1.4,-0.8,36955,30.1,346,6.23,0.28,8.98,19.8,541,07-07-2022 09:00,07-07-2022 12:00,08-07-2022 08:00,-81,1
07-07-2022 10:00,5.6,1.1,2.1,0.7,74741,37.9,377,9.57,-0.26,10.21,20.7,541,07-07-2022 09:00,07-07-2022 12:00,08-07-2022 08:00,-81,1
07-07-2022 11:00,6.5,1.2,-0.4,-2.6,51780,49.4,394,13.32,1.02,8.76,21.3,541,07-07-2022 09:00,07-07-2022 12:00,08-07-2022 08:00,-81,1
08-07-2022 02:00,22.1,-3.4,-21.4,-3.8,28398,10.9,398,3.08,1.51,0.15,3,542,08-07-2022 02:00,08-07-2022 11:00,08-07-2022 19:00,-37,0
08-07-2022 03:00,21.5,-6,-20.1,4.2,24655,12.3,407,3.57,-1.71,0.17,3.3,542,08-07-2022 02:00,08-07-2022 11:00,08-07-2022 19:00,-37,0
08-07-2022 04:00,19.8,-6.9,-14,11.9,84488,14,398,3.88,-4.74,0.32,3.8,542,08-07-2022 02:00,08-07-2022 11:00,08-07-2022 19:00,-37,0
09-07-2022 12:00,5.5,-1.4,0.4,4.7,43487,10.6,350,2.24,-1.65,2.51,10.4,543,09-07-2022 12:00,09-07-2022 14:00,10-07-2022 12:00,-18,0
09-07-2022 13:00,4.6,0.5,1,0.7,60624,10,362,2.28,-0.25,3.72,12.4,543,09-07-2022 12:00,09-07-2022 14:00,10-07-2022 12:00,-18,0
09-07-2022 14:00,5.2,1.3,-1.7,-4.2,42314,8.2,382,2.16,1.6,2.15,10.5,543,09-07-2022 12:00,09-07-2022 14:00,10-07-2022 12:00,-18,0
18-07-2022 21:00,10.2,-3.9,6.4,-3.5,79521,4.9,406,1.47,1.42,0.41,4.4,544,18-07-2022 21:19,19-07-2022 05:00,20-07-2022 11:00,-61,1
18-07-2022 22:00,14.6,-1.8,11.8,7.7,91034,6.5,469,2.58,-3.61,0.28,4.1,544,18-07-2022 21:19,19-07-2022 05:00,20-07-2022 11:00,-61,1
18-07-2022 23:00,14.9,-2.9,6.8,12.2,99030,6.2,456,2.35,-5.56,0.26,3.8,544,18-07-2022 21:19,19-07-2022 05:00,20-07-2022 11:00,-61,1
19-08-2022 17:00,8,5.1,0.1,-4.6,243411,5.2,583,3.52,2.68,1.26,8.3,545,19-08-2022 17:31,20-08-2022 08:00,20-08-2022 18:00,-38,0
19-08-2022 18:00,9,2.4,-2.6,-5.9,459470,7.1,629,5.69,3.71,2.14,9.3,545,19-08-2022 17:31,20-08-2022 08:00,20-08-2022 18:00,-38,0
19-08-2022 19:00,9.7,0.4,-2.9,-2.6,509230,6.1,650,4.98,1.69,1.72,8.3,545,19-08-2022 17:31,20-08-2022 08:00,20-08-2022 18:00,-38,0
30-08-2022 19:00,13.5,11.2,-2.5,-2.3,420275,4.1,566,2.63,1.3,0.51,4.2,546,30-08-2022 19:25,30-08-2022 22:00,31-08-2022 20:00,-8,0
30-08-2022 20:00,13.2,11,-0.4,-2,459391,5.3,614,3.79,1.23,0.74,5.4,546,30-08-2022 19:25,30-08-2022 22:00,31-08-2022 20:00,-8,0
30-08-2022 21:00,12.1,9.8,4.1,0,408315,4.8,601,3.44,0,0.73,5.4,546,30-08-2022 19:25,30-08-2022 22:00,31-08-2022 20:00,-8,0
12-09-2022 07:00,4.7,-0.3,4,-2.2,25118,7.4,403,2.21,0.89,2.14,11.7,547,12-09-2022 07:00,12-09-2022 07:00,12-09-2022 21:00,-17,0
12-09-2022 08:00,5.4,-0.2,4.7,-2.7,17118,6.7,388,1.92,1.05,1.39,9.3,547,12-09-2022 07:00,12-09-2022 07:00,12-09-2022 21:00,-17,0
12-09-2022 09:00,5.3,2.7,4.1,-0.8,12058,9.9,396,3.03,0.32,2.06,11.8,547,12-09-2022 07:00,12-09-2022 07:00,12-09-2022 21:00,-17,0
21-10-2022 10:00,5.2,4.8,-0.6,-0.9,19899,9.4,355,2.09,0.32,2.14,10.5,548,21-10-2022 10:00,21-10-2022 10:00,22-10-2022 18:00,-76,1
21-10-2022 11:00,5.5,3.9,1.1,0.5,23622,10,363,2.32,-0.18,2.09,10.4,548,21-10-2022 10:00,21-10-2022 10:00,22-10-2022 18:00,-76,1
21-10-2022 12:00,5.5,-1,3.9,3.5,22160,11.1,374,2.74,-1.31,2.3,11.3,548,21-10-2022 10:00,21-10-2022 10:00,22-10-2022 18:00,-76,1
06-11-2022 20:00,3.9,-1.8,3.1,-1.2,37429,3.7,362,0.9,0.43,1.68,8.9,549,06-11-2022 20:00,07-11-2022 03:00,07-11-2022 19:00,-92,1
06-11-2022 21:00,3.6,0.4,0.6,2,30624,4.2,374,1.08,-0.75,2.14,10.6,549,06-11-2022 20:00,07-11-2022 03:00,07-11-2022 19:00,-92,1
06-11-2022 22:00,4,0.2,2.9,2.2,28214,3.9,377,1.04,-0.83,1.59,9.3,549,06-11-2022 20:00,07-11-2022 03:00,07-11-2022 19:00,-92,1
12-11-2022 12:00,6.6,1.9,2.1,5.3,166992,4.1,459,1.64,-2.43,1.16,7,550,12-11-2022 12:00,12-11-2022 12:00,13-11-2022 12:00,-9,0
12-11-2022 13:00,6.5,1.1,2.8,5.5,115492,4.4,465,1.74,-2.56,1.06,7.5,550,12-11-2022 12:00,12-11-2022 12:00,13-11-2022 12:00,-9,0
12-11-2022 14:00,7.1,3.4,1.4,5.3,61481,4.1,479,1.77,-2.54,0.64,6.8,550,12-11-2022 12:00,12-11-2022 12:00,13-11-2022 12:00,-9,0
03-01-2023 21:00,5.8,2.8,3.1,1,87751,8.7,409,3,-0.41,2.33,10.4,551,03-01-2023 21:00,04-01-2023 02:00,05-01-2023 22:00,-61,1
03-01-2023 22:00,7.4,1.2,4.6,0,117278,11.8,418,4.23,0,2.2,9.7,551,03-01-2023 21:00,04-01-2023 02:00,05-01-2023 22:00,-61,1
03-01-2023 23:00,9.1,1.6,6.5,-4.4,110663,13.6,426,5.01,1.87,1.63,8.6,551,03-01-2023 21:00,04-01-2023 02:00,05-01-2023 22:00,-61,1
27-02-2023 10:00,14.7,9.8,0.1,-10.2,,,,,,,,552,27-02-2023 10:00,27-02-2023 20:00,28-02-2023 17:00,-132,1
27-02-2023 11:00,15.8,2.5,4.3,-12.9,1027496,5.8,771,7.23,9.95,1.12,5.9,552,27-02-2023 10:00,27-02-2023 20:00,28-02-2023 17:00,-132,1
27-02-2023 12:00,12.1,5.1,1.3,-0.4,1081398,6.2,794,7.81,0.32,2.13,8.2,552,27-02-2023 10:00,27-02-2023 20:00,28-02-2023 17:00,-132,1
01-03-2023 00:00,6.7,3.4,-4.3,1.1,129410,1.6,651,1.41,-0.72,0.38,6.1,553,01-03-2023 00:00,01-03-2023 09:00,01-03-2023 21:00,-29,0
01-03-2023 01:00,5.5,0,-3.4,3.9,213110,2.2,695,2.02,-2.71,1.03,9.4,553,01-03-2023 00:00,01-03-2023 09:00,01-03-2023 21:00,-29,0
01-03-2023 02:00,5.9,0,-5.2,1.2,130624,1.8,683,1.58,-0.82,0.56,7.8,553,01-03-2023 00:00,01-03-2023 09:00,01-03-2023 21:00,-29,0
02-03-2023 09:00,4.1,-0.4,-3.2,1.6,120149,3.4,503,1.62,-0.8,2.09,11.3,554,02-03-2023 09:00,02-03-2023 09:00,02-03-2023 22:00,-31,0
02-03-2023 10:00,5,0.1,-3.1,0.3,78420,4.2,497,1.87,-0.15,1.45,10.2,554,02-03-2023 09:00,02-03-2023 09:00,02-03-2023 22:00,-31,0
02-03-2023 11:00,5.5,-4,-1.5,3.4,46867,5.4,510,2.44,-1.73,1.3,10.8,554,02-03-2023 09:00,02-03-2023 09:00,02-03-2023 22:00,-31,0
12-03-2023 06:00,7.8,2.1,-6.4,-0.9,71997,6.9,371,1.83,0.33,0.95,6.2,555,12-03-2023 06:00,12-03-2023 09:00,14-03-2023 02:00,-2,0
12-03-2023 07:00,8.5,-1.4,-4.6,-6.1,56567,6.2,389,1.81,2.37,0.66,5.7,555,12-03-2023 06:00,12-03-2023 09:00,14-03-2023 02:00,-2,0
12-03-2023 08:00,8.8,-1.1,-6.6,-4.9,51945,5.6,385,1.56,1.89,0.54,5.2,555,12-03-2023 06:00,12-03-2023 09:00,14-03-2023 02:00,-2,0
15-03-2023 04:00,12.6,-7.7,7.5,1.7,201910,13.5,451,5.43,-0.77,1.17,6.6,556,15-03-2023 04:27,15-03-2023 21:00,17-03-2023 07:00,-39,0
15-03-2023 05:00,23.3,-10.7,18.1,3.3,302257,21.4,556,13.52,-1.83,0.71,5.5,556,15-03-2023 04:27,15-03-2023 21:00,17-03-2023 07:00,-39,0
15-03-2023 06:00,19.3,-11.7,13.5,2.3,371223,18.3,550,11.83,-1.26,1.02,6.1,556,15-03-2023 04:27,15-03-2023 21:00,17-03-2023 07:00,-39,0
23-03-2023 05:00,3.9,0.5,2.3,1,114593,6.4,457,2.88,-0.46,4.25,14.8,557,23-03-2023 05:00,23-03-2023 14:00,24-03-2023 07:00,-163,1
23-03-2023 06:00,5,2.6,3.4,0.7,107696,8.4,470,4,-0.33,3.3,13.6,557,23-03-2023 05:00,23-03-2023 14:00,24-03-2023 07:00,-163,1
23-03-2023 07:00,5.5,-0.2,3.5,-3.6,108237,9.2,462,4.22,1.66,2.99,12.7,557,23-03-2023 05:00,23-03-2023 14:00,24-03-2023 07:00,-163,1
18-04-2023 14:00,11.1,-1.3,4.1,8.9,326694,7.6,438,2.75,-3.9,1.17,5.4,558,18-04-2023 14:02,19-04-2023 08:00,21-04-2023 02:00,-36,0
18-04-2023 15:00,17.5,3.6,3.2,16.3,189757,7.9,513,3.82,-8.36,0.34,4.1,558,18-04-2023 14:02,19-04-2023 08:00,21-04-2023 02:00,-36,0
18-04-2023 16:00,16.3,5.1,8,2.9,313506,10.2,517,4.86,-1.5,0.71,5.1,558,18-04-2023 14:02,19-04-2023 08:00,21-04-2023 02:00,-36,0
23-04-2023 17:00,12.9,3.2,-8.1,-8,37547,7.7,380,2.1,3.04,0.32,4.1,559,23-04-2023 17:38,24-04-2023 01:00,25-04-2023 19:00,-213,1
23-04-2023 18:00,22.8,-0.2,-9.4,-17.8,255007,14.8,494,6.85,8.79,0.45,4.2,559,23-04-2023 17:38,24-04-2023 01:00,25-04-2023 19:00,-213,1
23-04-2023 19:00,23.8,-3.3,-7.1,-21,258178,18.9,544,10.54,11.42,0.54,5,559,23-04-2023 17:38,24-04-2023 01:00,25-04-2023 19:00,-213,1
09-05-2023 22:00,5.4,-4.1,2,0.6,46047,3.3,396,0.95,-0.24,0.82,6.7,560,09-05-2023 22:50,10-05-2023 12:00,12-05-2023 06:00,-19,0
09-05-2023 23:00,12.5,-4.7,7.3,0.2,277846,8.7,541,5.1,-0.11,0.94,6.4,560,09-05-2023 22:50,10-05-2023 12:00,12-05-2023 06:00,-19,0
10-05-2023 00:00,13.9,-5.3,4.4,3.4,784542,8.1,654,7.71,-2.22,1.59,6.7,560,09-05-2023 22:50,10-05-2023 12:00,12-05-2023 06:00,-19,0
12-05-2023 06:00,5.8,-4.6,3,0.6,27730,2.9,468,1.16,-0.28,0.56,6.9,561,12-05-2023 06:33,12-05-2023 12:00,13-05-2023 21:00,-16,0
12-05-2023 07:00,9.4,-7.4,1.3,1.3,345013,7.2,532,4.08,-0.69,1.6,7.6,561,12-05-2023 06:33,12-05-2023 12:00,13-05-2023 21:00,-16,0
12-05-2023 08:00,11.5,-5,4.6,8.1,412394,9.5,548,5.79,-4.44,1.62,7.3,561,12-05-2023 06:33,12-05-2023 12:00,13-05-2023 21:00,-16,0
20-05-2023 10:00,14.4,7.4,9.4,0.8,387835,8.7,464,3.75,-0.37,0.9,4.8,562,20-05-2023 10:00,20-05-2023 10:00,21-05-2023 16:00,-56,1
20-05-2023 11:00,13.3,6.9,3.8,2.4,473328,7.3,475,3.44,-1.14,1.03,4.8,562,20-05-2023 10:00,20-05-2023 10:00,21-05-2023 16:00,-56,1
20-05-2023 12:00,12.8,6.9,-6,5,538473,5.6,496,2.59,-2.48,0.95,4.6,562,20-05-2023 10:00,20-05-2023 10:00,21-05-2023 16:00,-56,1
07-07-2023 12:00,7.3,-0.8,5.6,-4.4,142026,3.5,489,1.63,2.15,0.74,6.3,563,07-07-2023 12:00,07-07-2023 12:00,08-07-2023 15:00,-35,0
07-07-2023 13:00,6.8,-1.5,3.2,-5.5,75968,5,484,2.18,2.66,0.92,8,563,07-07-2023 12:00,07-07-2023 12:00,08-07-2023 15:00,-35,0
07-07-2023 14:00,5.6,-1.1,2.6,-4.6,54298,6.8,481,2.89,2.21,1.65,11.2,563,07-07-2023 12:00,07-07-2023 12:00,08-07-2023 15:00,-35,0
14-07-2023 16:00,11.8,4.4,-9.4,-3.7,121165,17.2,404,5.27,1.49,1.28,7.1,564,14-07-2023 16:11,14-07-2023 20:00,15-07-2023 10:00,-34,0
14-07-2023 17:00,12.1,2.2,-4.3,-6.6,145276,25.7,427,8.58,2.82,2,8.9,564,14-07-2023 16:11,14-07-2023 20:00,15-07-2023 10:00,-34,0
14-07-2023 18:00,11.6,-1.8,4.6,-8.9,148480,26.5,429,8.86,3.82,2.27,9.5,564,14-07-2023 16:11,14-07-2023 20:00,15-07-2023 10:00,-34,0
16-07-2023 19:00,8.7,5.6,-5.1,-4.2,59697,1.6,375,0.41,1.57,0.17,2.7,565,16-07-2023 19:22,17-07-2023 20:00,19-07-2023 04:00,-48,0
16-07-2023 20:00,13.9,5.8,-7.8,-10,117483,3.5,450,1.24,4.5,0.19,3,565,16-07-2023 19:22,17-07-2023 20:00,19-07-2023 04:00,-48,0
16-07-2023 21:00,13.5,5.5,-6.2,-10.6,116770,5.1,455,1.88,4.82,0.29,3.8,565,16-07-2023 19:22,17-07-2023 20:00,19-07-2023 04:00,-48,0
25-07-2023 22:00,8.5,3.1,0.7,-2,327966,5.1,402,1.62,0.8,1.34,5.3,566,25-07-2023 22:33,26-07-2023 17:00,28-07-2023 11:00,-52,1
25-07-2023 23:00,10.6,4.4,0.7,-2.2,639649,9.7,491,4.81,1.08,2.76,7.2,566,25-07-2023 22:33,26-07-2023 17:00,28-07-2023 11:00,-52,1
26-07-2023 00:00,9,5.6,-2.7,-2.1,1087782,9.3,477,4.11,1,5.81,8.1,566,25-07-2023 22:33,26-07-2023 17:00,28-07-2023 11:00,-52,1
05-08-2023 02:00,12.1,-4.9,4.4,-7.1,129511,13.7,371,3.73,2.63,1,5.7,567,05-08-2023 02:55,05-08-2023 18:00,06-08-2023 14:00,-93,1
05-08-2023 03:00,21.1,-0.8,10.9,-13.9,169883,20.1,424,7.14,5.89,0.56,4.5,567,05-08-2023 02:55,05-08-2023 18:00,06-08-2023 14:00,-93,1
05-08-2023 04:00,20.6,1.5,15.9,-12.2,148401,18,432,6.37,5.27,0.49,4.4,567,05-08-2023 02:55,05-08-2023 18:00,06-08-2023 14:00,-93,1
02-09-2023 04:00,7.7,-3,0.1,-5.3,361145,3.7,599,2.64,3.17,1.27,7.5,568,02-09-2023 04:34,02-09-2023 20:00,04-09-2023 00:00,-62,1
02-09-2023 05:00,7.8,-3.9,0.9,-2.2,462725,3.7,616,2.74,1.36,1.5,7.6,568,02-09-2023 04:34,02-09-2023 20:00,04-09-2023 00:00,-62,1
02-09-2023 06:00,7.1,0.5,-1.8,-3.6,451731,3.2,703,2.92,2.53,1.53,8.9,568,02-09-2023 04:34,02-09-2023 20:00,04-09-2023 00:00,-62,1
17-09-2023 02:00,6.5,1.8,-1.6,-3.3,143891,8.5,451,3.58,1.49,2.28,10.1,569,17-09-2023 02:34,18-09-2023 02:00,19-09-2023 00:00,-23,0
17-09-2023 03:00,8.2,-1.2,-2,1.5,204676,12.8,483,6.18,-0.72,2.64,10.5,569,17-09-2023 02:34,18-09-2023 02:00,19-09-2023 00:00,-23,0
17-09-2023 04:00,8.9,-4,-6.1,3.5,181365,10.9,487,5.16,-1.7,1.77,9,569,17-09-2023 02:34,18-09-2023 02:00,19-09-2023 00:00,-23,0
18-09-2023 13:00,15.4,-3,-14.8,2.1,50978,6.1,483,2.6,-1.01,0.19,3.9,570,18-09-2023 13:31,19-09-2023 08:00,21-09-2023 10:00,-85,1
18-09-2023 14:00,21.6,-6.5,-20.2,4.2,114402,8.7,555,4.85,-2.33,0.19,3.8,570,18-09-2023 13:31,19-09-2023 08:00,21-09-2023 10:00,-85,1
18-09-2023 15:00,20.8,-4,-19.2,4,83977,9.9,561,5.62,-2.24,0.2,4.2,570,18-09-2023 13:31,19-09-2023 08:00,21-09-2023 10:00,-85,1
24-09-2023 20:00,10,-5.5,0.3,-5.6,127998,26.2,380,7.43,2.13,2.79,9.7,571,24-09-2023 20:43,25-09-2023 09:00,26-09-2023 11:00,-69,1
24-09-2023 21:00,19.5,2.8,-6.2,-5.1,257188,58.6,438,21.33,2.23,2.47,8.6,571,24-09-2023 20:43,25-09-2023 09:00,26-09-2023 11:00,-69,1
24-09-2023 22:00,15.2,-0.2,-2.7,-12.3,160188,45.9,457,19.17,5.62,2.38,10.2,571,24-09-2023 20:43,25-09-2023 09:00,26-09-2023 11:00,-69,1
28-09-2023 21:00,6,-0.4,4.9,0,47812,2.5,430,0.84,0,0.51,5.7,572,28-09-2023 21:31,29-09-2023 10:00,30-09-2023 23:00,-47,0
28-09-2023 22:00,7.1,1.4,6.6,-1.8,44399,2.9,427,0.96,0.77,0.41,5.1,572,28-09-2023 21:31,29-09-2023 10:00,30-09-2023 23:00,-47,0
28-09-2023 23:00,6.7,0.5,6.5,0.2,45487,3.5,418,1.11,-0.08,0.56,5.8,572,28-09-2023 21:31,29-09-2023 10:00,30-09-2023 23:00,-47,0
05-10-2023 22:00,4.1,0.3,1.7,-1,92137,3.9,446,1.57,0.45,2.13,10.7,573,05-10-2023 22:25,06-10-2023 16:00,07-10-2023 18:00,-17,0
05-10-2023 23:00,4.4,-1.1,0.6,1.2,135588,8,486,3.8,-0.58,4.54,15.6,573,05-10-2023 22:25,06-10-2023 16:00,07-10-2023 18:00,-17,0
06-10-2023 00:00,4.3,2.8,-0.5,0.6,116769,9.2,471,3.86,-0.28,5.07,16.6,573,05-10-2023 22:25,06-10-2023 16:00,07-10-2023 18:00,-17,0
12-11-2023 06:00,3.8,2,2.9,-0.9,62034,6.2,510,2.94,0.46,3.4,16.7,574,12-11-2023 06:13,12-11-2023 12:00,13-11-2023 17:00,-38,0
12-11-2023 07:00,6.6,3.5,4.8,-2.5,93116,7.2,540,3.77,1.35,1.52,11,574,12-11-2023 06:13,12-11-2023 12:00,13-11-2023 17:00,-38,0
12-11-2023 08:00,6.7,2.7,3.6,-3.8,118366,6.8,569,3.96,2.16,1.55,11.1,574,12-11-2023 06:13,12-11-2023 12:00,13-11-2023 17:00,-38,0
01-12-2023 09:00,17,-3.4,16.2,1.4,115202,8.7,453,3.22,-0.63,0.31,3.9,575,01-12-2023 09:26,01-12-2023 20:00,03-12-2023 00:00,-107,1
01-12-2023 10:00,25.6,-5.2,-0.1,-14.9,152875,23.8,532,13.14,7.93,0.42,5.1,575,01-12-2023 09:26,01-12-2023 20:00,03-12-2023 00:00,-107,1
01-12-2023 11:00,24.1,-6.1,-4.7,-22.3,155833,35.5,532,19.73,11.86,0.72,6.6,575,01-12-2023 09:26,01-12-2023 20:00,03-12-2023 00:00,-107,1
15-12-2023 11:00,4.2,-2.1,0,-2.5,37251,5.1,281,0.79,0.7,1.99,7.6,576,15-12-2023 11:48,15-12-2023 22:00,16-12-2023 12:00,-30,0
15-12-2023 12:00,10,-3.8,4.1,-4.1,80996,14.5,359,3.6,1.47,1.26,6.8,576,15-12-2023 11:48,15-12-2023 22:00,16-12-2023 12:00,-30,0
15-12-2023 13:00,14,0.5,13.1,-0.2,128931,26.3,409,8.73,0.08,1.44,7.5,576,15-12-2023 11:48,15-12-2023 22:00,16-12-2023 12:00,-30,0
17-12-2023 07:00,6.9,-0.7,1,-2.2,89529,10.2,451,3.92,0.99,1.94,10.4,577,17-12-2023 07:39,17-12-2023 22:00,18-12-2023 15:00,-77,1
17-12-2023 08:00,15.1,-1.3,2.8,6.2,355946,17.5,530,10.02,-3.29,1.55,7.3,577,17-12-2023 07:39,17-12-2023 22:00,18-12-2023 15:00,-77,1
17-12-2023 09:00,12.8,1.5,11.7,1.2,427416,16.4,524,8.57,-0.63,2.31,8.3,577,17-12-2023 07:39,17-12-2023 22:00,18-12-2023 15:00,-77,1
03-01-2024 15:00,7.2,5.1,-1.3,3.4,151391,6.6,427,2.52,-1.45,1.48,7.6,578,03-01-2024 15:10,03-01-2024 21:00,04-01-2024 10:00,-22,0
03-01-2024 16:00,7,1.3,0.2,1.7,240563,10.4,466,4.57,-0.79,3.26,10.7,578,03-01-2024 15:10,03-01-2024 21:00,04-01-2024 10:00,-22,0
03-01-2024 17:00,6.4,4.2,0.2,0.4,257585,9.3,462,3.89,-0.18,3.65,11,578,03-01-2024 15:10,03-01-2024 21:00,04-01-2024 10:00,-22,0
23-01-2024 23:00,4.1,2.3,-1.9,-0.2,125531,7.5,448,2.85,0.09,4.71,15,579,23-01-2024 23:00,23-01-2024 23:00,25-01-2024 06:00,-15,0
24-01-2024 00:00,5.7,2.3,-0.2,-4.5,43576,14,451,5.86,2.03,3.08,14.8,579,23-01-2024 23:00,23-01-2024 23:00,25-01-2024 06:00,-15,0
24-01-2024 01:00,6.8,4,-2.7,-4.4,28114,9.2,453,4.04,1.99,1.3,10.1,579,23-01-2024 23:00,23-01-2024 23:00,25-01-2024 06:00,-15,0
26-01-2024 20:00,5.9,3.8,-3.4,-2.9,143597,3.2,418,1.04,1.21,1.04,6.3,580,26-01-2024 20:00,26-01-2024 23:00,28-01-2024 16:00,-10,0
26-01-2024 21:00,6.5,5,-0.5,-4,70569,1.2,475,0.5,1.9,0.24,4,580,26-01-2024 20:00,26-01-2024 23:00,28-01-2024 16:00,-10,0
26-01-2024 22:00,6,5,-0.1,-2.9,25591,2.5,449,0.88,1.3,0.44,5.9,580,26-01-2024 20:00,26-01-2024 23:00,28-01-2024 16:00,-10,0
21-03-2024 02:00,2.7,0.1,-1.6,-1.7,16068,17.8,319,3.09,0.54,14.67,24.9,581,21-03-2024 02:50,21-03-2024 15:00,23-03-2024 00:00,-72,1
21-03-2024 03:00,8.8,-2.8,5.9,3.7,40457,28.7,351,6.28,-1.3,2.6,10.7,581,21-03-2024 02:50,21-03-2024 15:00,23-03-2024 00:00,-72,1
21-03-2024 04:00,12.7,-5.1,11.5,1.1,69486,24.7,355,6.09,-0.39,1.26,6.9,581,21-03-2024 02:50,21-03-2024 15:00,23-03-2024 00:00,-72,1
24-03-2024 14:00,8.8,2.5,-0.3,3.2,658695,10.6,641,8.61,-2.05,4.48,11.9,582,24-03-2024 14:34,24-03-2024 18:00,26-03-2024 10:00,-128,1
24-03-2024 15:00,23.4,8.2,-10.7,-15.8,869920,14.1,777,17.63,12.28,1.07,6.2,582,24-03-2024 14:34,24-03-2024 18:00,26-03-2024 10:00,-128,1
24-03-2024 16:00,25.9,-7.1,-5.6,6.2,617309,15.5,794,20.56,-4.92,0.72,6,582,24-03-2024 14:34,24-03-2024 18:00,26-03-2024 10:00,-128,1
30-04-2024 12:00,2.9,0.9,-0.7,1.8,20049,9.2,378,2.68,-0.68,6.75,19.8,583,30-04-2024 12:22,01-05-2024 00:00,02-05-2024 00:00,-26,0
30-04-2024 13:00,5.5,-3.1,-3.8,0.8,49208,23.9,399,7.27,-0.32,5.84,17.7,583,30-04-2024 12:22,01-05-2024 00:00,02-05-2024 00:00,-26,0
30-04-2024 14:00,5.3,0.7,-4.5,1.9,52735,29.2,393,8.65,-0.75,7.83,20,583,30-04-2024 12:22,01-05-2024 00:00,02-05-2024 00:00,-26,0
02-05-2024 14:00,14.7,5,0.5,-13.4,65828,19.7,377,5.67,5.05,0.74,5.7,584,02-05-2024 14:07,03-05-2024 02:00,05-05-2024 04:00,-89,1
02-05-2024 15:00,20.9,9.6,-8.4,-15.7,74830,22.6,394,6.84,6.19,0.44,4.5,584,02-05-2024 14:07,03-05-2024 02:00,05-05-2024 04:00,-89,1
02-05-2024 16:00,19.1,6,-15.8,-0.1,95563,27.3,409,8.54,0.04,0.7,5.6,584,02-05-2024 14:07,03-05-2024 02:00,05-05-2024 04:00,-89,1
10-05-2024 17:00,15.5,-3.7,-1.9,-5.9,365846,29.1,571,17.75,3.37,2.49,9.9,585,10-05-2024 17:05,10-05-2024 20:00,12-05-2024 15:00,-406,1
10-05-2024 18:00,31.1,-8.3,-14.1,-18,871652,32.9,697,31.18,12.55,1.42,6.4,585,10-05-2024 17:05,10-05-2024 20:00,12-05-2024 15:00,-406,1
10-05-2024 19:00,31.1,3,-23,-1.2,963992,35.2,664,28.61,0.8,1.65,6.3,585,10-05-2024 17:05,10-05-2024 20:00,12-05-2024 15:00,-406,1
12-05-2024 09:00,6.1,-5.7,-0.2,1,65402,1.7,855,2.57,-0.85,0.37,9.1,586,12-05-2024 09:17,12-05-2024 21:00,14-05-2024 06:00,,0
12-05-2024 10:00,10.7,-8.7,1.8,5.3,121802,3.1,878,5.03,-4.65,0.28,7.2,586,12-05-2024 09:17,12-05-2024 21:00,14-05-2024 06:00,,0
12-05-2024 11:00,9.9,-8.6,0.1,4.4,404251,1.4,875,2.14,-3.85,0.32,5.2,586,12-05-2024 09:17,12-05-2024 21:00,14-05-2024 06:00,,0
17-05-2024 13:00,9.2,1,8.6,2,76291,6.3,412,2.11,-0.82,0.63,5.6,587,17-05-2024 13:29,18-05-2024 00:00,19-05-2024 18:00,-88,1
17-05-2024 14:00,14.8,-0.6,-12.4,6,132138,9.4,472,4.28,-2.83,0.47,4.9,587,17-05-2024 13:29,18-05-2024 00:00,19-05-2024 18:00,-88,1
17-05-2024 15:00,13.7,1.9,-5.9,-6.7,153577,9.9,463,4.31,3.1,0.62,5.3,587,17-05-2024 13:29,18-05-2024 00:00,19-05-2024 18:00,-88,1
28-06-2024 10:00,15.2,2.2,-8.5,-12.1,40820,21.6,346,4.8,4.19,0.66,5.3,588,28-06-2024 10:14,28-06-2024 17:00,29-06-2024 04:00,-107,1
28-06-2024 11:00,23.4,2.3,-5,-20.2,64408,39.3,389,11.28,7.86,0.58,5.2,588,28-06-2024 10:14,28-06-2024 17:00,29-06-2024 04:00,-107,1
28-06-2024 12:00,21.2,-6.3,15.5,-7.7,166938,35.9,417,13.26,3.21,0.98,5.9,588,28-06-2024 10:14,28-06-2024 17:00,29-06-2024 04:00,-107,1
15-07-2024 22:00,8.1,-5.9,-4.1,-3.2,24899,9.4,318,1.82,1.02,0.91,6,589,15-07-2024 22:00,15-07-2024 22:00,16-07-2024 16:00,-13,0
15-07-2024 23:00,10.5,-4,-7.1,-6.4,25983,8.7,347,1.97,2.22,0.51,4.9,589,15-07-2024 22:00,15-07-2024 22:00,16-07-2024 16:00,-13,0
16-07-2024 00:00,11.2,-5.3,-8.2,-4.9,30074,8.3,348,1.85,1.71,0.44,4.5,589,15-07-2024 22:00,15-07-2024 22:00,16-07-2024 16:00,-13,0
23-07-2024 20:00,6,-5.5,-0.9,2,24139,8,259,1.03,-0.52,1.41,6.1,590,23-07-2024 20:23,24-07-2024 00:00,25-07-2024 01:00,7,0
23-07-2024 21:00,12.5,-11,-2.1,5.4,27057,8.4,258,1.09,-1.39,0.35,3,590,23-07-2024 20:23,24-07-2024 00:00,25-07-2024 01:00,7,0
23-07-2024 22:00,16.5,-12,-6.3,8.4,68302,24.7,311,4.78,-2.61,0.74,4.7,590,23-07-2024 20:23,24-07-2024 00:00,25-07-2024 01:00,7,0
30-07-2024 00:00,10.3,-6.9,4.6,2.9,106028,9.7,376,2.79,-1.09,0.89,5.7,591,30-07-2024 00:03,30-07-2024 03:00,31-07-2024 15:00,-28,0
30-07-2024 01:00,15.9,-4.4,6.6,6,117533,17.9,464,7.88,-2.78,0.72,6.2,591,30-07-2024 00:03,30-07-2024 03:00,31-07-2024 15:00,-28,0
30-07-2024 02:00,16.3,7.5,-4.4,-8.6,177289,14.8,495,7.39,4.26,0.71,5.8,591,30-07-2024 00:03,30-07-2024 03:00,31-07-2024 15:00,-28,0
31-07-2024 11:00,8.1,-1.5,7.7,0.9,39681,3.6,420,1.46,-0.38,0.38,4.9,592,31-07-2024 11:28,01-08-2024 00:00,01-08-2024 18:00,-25,0
31-07-2024 12:00,8.5,-2.6,7.6,2,58149,4.8,440,2.17,-0.88,0.52,5.7,592,31-07-2024 11:28,01-08-2024 00:00,01-08-2024 18:00,-25,0
31-07-2024 13:00,8.9,-2.3,8.2,2.4,45617,4.9,445,2.33,-1.07,0.45,5.5,592,31-07-2024 11:28,01-08-2024 00:00,01-08-2024 18:00,-25,0
10-08-2024 12:00,5.5,1.6,-3.9,2.2,43850,3.5,363,0.91,-0.8,0.83,6.2,593,10-08-2024 12:50,11-08-2024 12:00,14-08-2024 00:00,-188,1
10-08-2024 13:00,10.1,1,-7.7,3.7,76405,6.4,407,2.1,-1.51,0.53,5.1,593,10-08-2024 12:50,11-08-2024 12:00,14-08-2024 00:00,-188,1
10-08-2024 14:00,9.8,-0.1,-7.3,2.6,80163,6.9,408,2.31,-1.06,0.62,5.5,593,10-08-2024 12:50,11-08-2024 12:00,14-08-2024 00:00,-188,1
17-08-2024 14:00,12.3,-2.7,11.3,-0.7,80260,13.6,383,4.28,0.27,0.78,5.7,594,17-08-2024 14:23,17-08-2024 17:00,18-08-2024 12:00,-20,0
17-08-2024 15:00,18,-1.9,10.9,-8,169399,20.1,434,8.32,3.47,0.77,5.4,594,17-08-2024 14:23,17-08-2024 17:00,18-08-2024 12:00,-20,0
17-08-2024 16:00,17.8,-1.7,8.3,-4.4,224471,20.8,443,9,1.95,0.96,5.7,594,17-08-2024 14:23,17-08-2024 17:00,18-08-2024 12:00,-20,0
27-08-2024 08:00,4.3,1.6,-3.8,-0.9,20015,17.4,277,2.39,0.25,5.81,13.4,595,27-08-2024 08:41,27-08-2024 16:00,30-08-2024 08:00,-76,1
27-08-2024 09:00,7.8,3.1,-5.9,-2.8,36694,27.6,312,4.83,0.87,3.11,10.5,595,27-08-2024 08:41,27-08-2024 16:00,30-08-2024 08:00,-76,1
27-08-2024 10:00,8.4,3.8,-7.2,-0.8,45180,26.3,309,4.43,0.25,2.69,9.4,595,27-08-2024 08:41,27-08-2024 16:00,30-08-2024 08:00,-76,1
31-08-2024 12:00,8.4,-0.4,8.3,0.2,18892,7,374,1.73,-0.07,0.61,5.9,596,31-08-2024 12:00,31-08-2024 17:00,01-09-2024 10:00,-51,1
31-08-2024 13:00,11.4,0.3,11.2,-1,32632,11.7,405,3.51,0.41,0.6,6.1,596,31-08-2024 12:00,31-08-2024 17:00,01-09-2024 10:00,-51,1
31-08-2024 14:00,10.1,-1.7,2.6,-6.4,51802,21.8,402,6.38,2.57,1.6,9.3,596,31-08-2024 12:00,31-08-2024 17:00,01-09-2024 10:00,-51,1
02-09-2024 18:00,7.7,4.9,-5.2,-0.6,113232,5.5,403,1.77,0.24,0.93,6.1,597,02-09-2024 18:00,03-09-2024 02:00,04-09-2024 12:00,-21,0
02-09-2024 19:00,8.7,5.1,-5.7,-1.8,112039,5.6,413,1.82,0.74,0.74,5.6,597,02-09-2024 18:00,03-09-2024 02:00,04-09-2024 12:00,-21,0
02-09-2024 20:00,8.3,4.4,-1.9,5.3,120541,6,406,1.88,-2.15,0.9,6,597,02-09-2024 18:00,03-09-2024 02:00,04-09-2024 12:00,-21,0
04-09-2024 10:00,14.2,-0.5,13.9,2,46727,24,363,6.63,-0.73,0.87,6.3,598,04-09-2024 10:32,04-09-2024 14:00,06-09-2024 00:00,10,0
04-09-2024 11:00,24.4,8.8,-3.6,14.4,91028,22.9,410,9.36,-5.9,0.35,4,598,04-09-2024 10:32,04-09-2024 14:00,06-09-2024 00:00,10,0
04-09-2024 12:00,23.2,10.7,-12.7,14.2,95946,17.4,401,6.49,-5.69,0.3,3.6,598,04-09-2024 10:32,04-09-2024 14:00,06-09-2024 00:00,10,0
06-10-2024 07:00,8.2,4.1,-3.5,5.5,83009,3.7,386,1.07,-2.12,0.48,4.5,599,06-10-2024 07:39,06-10-2024 14:00,07-10-2024 20:00,-96,1
06-10-2024 08:00,13,4.3,0.8,7.8,296735,8.6,452,3.77,-3.53,0.9,5.1,599,06-10-2024 07:39,06-10-2024 14:00,07-10-2024 20:00,-96,1
06-10-2024 09:00,12.7,4.8,6.1,7,316456,10.2,468,4.73,-3.28,1.17,5.9,599,06-10-2024 07:39,06-10-2024 14:00,07-10-2024 20:00,-96,1
08-10-2024 00:00,15.1,-8.5,7.7,-9.7,39552,13.4,436,5.36,4.23,0.41,5.3,600,08-10-2024 00:00,08-10-2024 00:00,08-10-2024 11:00,-148,1
08-10-2024 01:00,14.8,-6.8,8.8,-9.2,49839,13.1,430,5.23,3.96,0.44,5.3,600,08-10-2024 00:00,08-10-2024 00:00,08-10-2024 11:00,-148,1
08-10-2024 02:00,15.5,-4.3,2.4,-14.4,36276,11.3,430,4.27,6.19,0.32,4.7,600,08-10-2024 00:00,08-10-2024 00:00,08-10-2024 11:00,-148,1
10-10-2024 15:00,18.3,-3.9,11.3,2.2,403890,12.5,575,8.06,-1.26,0.83,5.6,601,10-10-2024 15:14,10-10-2024 22:00,12-10-2024 03:00,-333,1
10-10-2024 16:00,30.3,-2.9,1.1,-10.1,984113,28.7,740,30.97,7.47,1.45,6.5,601,10-10-2024 15:14,10-10-2024 22:00,12-10-2024 03:00,-333,1
10-10-2024 17:00,32,-16.8,-16,-3.9,916573,31,714,29.77,2.78,1.32,6.2,601,10-10-2024 15:14,10-10-2024 22:00,12-10-2024 03:00,-333,1
12-10-2024 09:00,5.8,0.8,-1.9,-2.6,193153,1,590,0.73,1.53,0.4,5.1,602,12-10-2024 09:00,12-10-2024 12:00,14-10-2024 18:00,,0
12-10-2024 10:00,6.1,1.4,-0.5,-4.3,93551,2.1,582,1.5,2.5,0.52,6.9,602,12-10-2024 09:00,12-10-2024 12:00,14-10-2024 18:00,,0
12-10-2024 11:00,7,-0.3,-4.7,4.2,168561,1.1,561,0.7,-2.36,0.28,4.2,602,12-10-2024 09:00,12-10-2024 12:00,14-10-2024 18:00,,0
29-11-2024 03:00,10.8,1.3,-8.9,4.6,66070,9.8,387,2.91,-1.78,0.68,5.6,603,29-11-2024 03:05,29-11-2024 17:00,01-12-2024 06:00,-9,0
29-11-2024 04:00,15.5,1.5,-13.6,4,106701,16.6,428,6.07,-1.71,0.68,5.6,603,29-11-2024 03:05,29-11-2024 17:00,01-12-2024 06:00,-9,0
29-11-2024 05:00,13.8,5,-2.9,11.1,133099,17.9,411,6.16,-4.56,1.02,6.3,603,29-11-2024 03:05,29-11-2024 17:00,01-12-2024 06:00,-9,0
17-12-2024 05:00,12.8,-3.4,6.7,-4.2,178154,21.8,459,9.85,1.93,1.7,8.4,604,17-12-2024 05:14,17-12-2024 08:00,17-12-2024 20:00,-28,0
17-12-2024 06:00,24.1,11.9,-15,-1.1,529862,23.5,556,15.09,0.61,1.11,5.6,604,17-12-2024 05:14,17-12-2024 08:00,17-12-2024 20:00,-28,0
17-12-2024 07:00,26.8,14.8,-19.8,2.5,623803,12.7,572,9.27,-1.43,0.55,3.8,604,17-12-2024 05:14,17-12-2024 08:00,17-12-2024 20:00,-28,0
31-12-2024 16:00,10.5,-1.3,7.6,1.4,61145,6.7,365,1.66,-0.51,0.48,4.5,605,31-12-2024 16:21,01-01-2025 10:00,02-01-2025 05:00,-212,1
31-12-2024 17:00,20.8,-9.9,17.2,1.1,289847,16.3,442,7.81,-0.49,0.66,4.3,605,31-12-2024 16:21,01-01-2025 10:00,02-01-2025 05:00,-212,1
31-12-2024 18:00,24.3,-9.5,19.5,1.8,219220,19.9,432,8.58,-0.78,0.49,4,605,31-12-2024 16:21,01-01-2025 10:00,02-01-2025 05:00,-212,1
02-01-2025 05:00,9.2,-1.5,-9,0.1,31633,8.7,480,4.43,-0.05,0.68,7.7,606,02-01-2025 05:00,02-01-2025 12:00,03-01-2025 22:00,-99,1
02-01-2025 06:00,10.6,-4.9,-7.7,2.2,36749,9.3,493,4.91,-1.08,0.57,7.1,606,02-01-2025 05:00,02-01-2025 12:00,03-01-2025 22:00,-99,1
02-01-2025 07:00,11,-7,-7.2,1.3,71935,9.9,521,6.39,-0.68,0.68,7.5,606,02-01-2025 05:00,02-01-2025 12:00,03-01-2025 22:00,-99,1
02-02-2025 16:00,7.8,-1.2,-0.8,2.8,32629,8,558,4.99,-1.56,0.88,10.1,607,02-02-2025 16:00,02-02-2025 16:00,04-02-2025 00:00,-24,0
02-02-2025 17:00,10.1,-4,-8.9,1,12581,7.1,557,4.43,-0.56,0.41,7.3,607,02-02-2025 16:00,02-02-2025 16:00,04-02-2025 00:00,-24,0
02-02-2025 18:00,9.9,-3,-6.4,6.5,20977,7.4,545,4.46,-3.54,0.47,7.5,607,02-02-2025 16:00,02-02-2025 16:00,04-02-2025 00:00,-24,0
01-04-2025 18:00,8.4,-4,4.5,4.5,53967,5.7,411,1.9,-1.85,0.61,5.8,608,01-04-2025 18:14,02-04-2025 02:00,02-04-2025 20:00,-36,0
01-04-2025 19:00,11.8,-5.1,7.1,5,136857,9.1,430,3.64,-2.15,0.72,5.5,608,01-04-2025 18:14,02-04-2025 02:00,02-04-2025 20:00,-36,0
01-04-2025 20:00,13.1,-4.3,8.2,6.1,162340,10.5,444,4.19,-2.71,0.74,5.5,608,01-04-2025 18:14,02-04-2025 02:00,02-04-2025 20:00,-36,0
15-04-2025 17:00,6.9,3.9,-4.1,-2.9,40286,5.6,371,1.42,1.08,0.83,6.4,609,15-04-2025 17:21,15-04-2025 23:00,18-04-2025 03:00,-138,1
15-04-2025 18:00,19.2,-0.8,9,4.9,129204,35,505,17.11,-2.47,1.02,7.8,609,15-04-2025 17:21,15-04-2025 23:00,18-04-2025 03:00,-138,1
15-04-2025 19:00,19.6,0.6,5.5,1.4,113952,43.1,509,20.89,-0.71,1.13,8.5,609,15-04-2025 17:21,15-04-2025 23:00,18-04-2025 03:00,-138,1
11-05-2025 22:00,9.3,-1.2,-7.2,-1.9,54276,11.3,451,4.58,0.86,0.99,8.2,610,11-05-2025 22:00,11-05-2025 22:00,13-05-2025 03:00,-37,0
11-05-2025 23:00,9.9,-3.8,-1.7,8.7,25716,10.2,458,4.1,-3.98,0.67,7.4,610,11-05-2025 22:00,11-05-2025 22:00,13-05-2025 03:00,-37,0
12-05-2025 00:00,10.1,-3.1,-4.4,8.3,12520,9.8,456,3.74,-3.78,0.56,7.1,610,11-05-2025 22:00,11-05-2025 22:00,13-05-2025 03:00,-37,0
26-05-2025 14:00,4.2,-2,0.1,-1.1,75133,10,442,3.67,0.49,4.8,16.6,611,26-05-2025 14:09,26-05-2025 16:00,27-05-2025 10:00,0,0
26-05-2025 15:00,2.5,-1.9,-0.5,1,65175,12.1,456,4.61,-0.46,15.59,31.7,611,26-05-2025 14:09,26-05-2025 16:00,27-05-2025 10:00,0,0
26-05-2025 16:00,3.5,-2.7,1.1,0.2,59076,10.3,455,3.87,-0.09,6.56,20.9,611,26-05-2025 14:09,26-05-2025 16:00,27-05-2025 10:00,0,0
01-06-2025 05:00,8.2,3.7,-3.8,-1.2,373543,5,722,5.1,0.87,1.55,9.8,612,01-06-2025 05:40,01-06-2025 08:00,03-06-2025 02:00,-119,1
01-06-2025 06:00,15.2,4.2,-3.5,-0.6,1956393,14.3,966,30.4,0.58,5.37,12,612,01-06-2025 05:40,01-06-2025 08:00,03-06-2025 02:00,-119,1
01-06-2025 07:00,12.8,3.3,-7.1,-3.1,2137814,13.7,985,26.02,3.05,7.88,14.2,612,01-06-2025 05:40,01-06-2025 08:00,03-06-2025 02:00,-119,1
02-06-2025 20:00,11.1,5.8,8.7,-3,15196,2.4,605,1.75,1.81,0.12,4.2,613,02-06-2025 20:00,03-06-2025 02:00,03-06-2025 14:00,-108,1
02-06-2025 21:00,14.7,5.9,10.3,-6.7,25139,3.4,652,2.81,4.37,0.1,4.1,613,02-06-2025 20:00,03-06-2025 02:00,03-06-2025 14:00,-108,1
02-06-2025 22:00,15.2,6.7,10.2,-7.9,28135,3.2,642,2.58,5.07,0.09,3.8,613,02-06-2025 20:00,03-06-2025 02:00,03-06-2025 14:00,-108,1
04-06-2025 14:00,10.9,6.6,-2.9,0.5,299608,5.4,607,3.99,-0.3,0.81,6.5,614,04-06-2025 14:14,04-06-2025 16:00,05-06-2025 05:00,-50,1
04-06-2025 15:00,12.8,4.2,-7.1,-4.6,422547,7.2,670,6.56,3.08,1.01,7,614,04-06-2025 14:14,04-06-2025 16:00,05-06-2025 05:00,-50,1
04-06-2025 16:00,9.5,1.9,-2.7,-1.8,286299,5.9,669,5.49,1.2,1.13,8.6,614,04-06-2025 14:14,04-06-2025 16:00,05-06-2025 05:00,-50,1
07-06-2025 02:00,7.4,3.1,-6.4,1.2,26750,10.7,404,3.46,-0.48,1.26,8.9,615,07-06-2025 02:00,07-06-2025 10:00,08-06-2025 10:00,-41,0
07-06-2025 03:00,8.1,5,-6.3,0.3,21991,11.5,397,3.55,-0.12,1.1,8.3,615,07-06-2025 02:00,07-06-2025 10:00,08-06-2025 10:00,-41,0
07-06-2025 04:00,8.8,5.9,-5.7,-2.8,20657,10.4,389,3.06,1.09,0.83,7.1,615,07-06-2025 02:00,07-06-2025 10:00,08-06-2025 10:00,-41,0
11-06-2025 15:00,6.4,0.7,-5.5,-1.2,126713,6.3,423,2.25,0.51,1.63,8.3,616,11-06-2025 15:55,11-06-2025 21:00,13-06-2025 23:00,-101,1
11-06-2025 16:00,9,2.6,-3.9,-6.8,135255,9.2,445,3.54,3.03,1.25,7.5,616,11-06-2025 15:55,11-06-2025 21:00,13-06-2025 23:00,-101,1
11-06-2025 17:00,10.5,3,-5.4,-7.3,123777,9.6,452,3.79,3.3,0.91,6.7,616,11-06-2025 15:55,11-06-2025 21:00,13-06-2025 23:00,-101,1
26-07-2025 08:00,7.3,2.9,-5.5,1,147873,3.4,521,1.85,-0.52,0.73,6.6,617,26-07-2025 08:00,26-07-2025 14:00,28-07-2025 10:00,-17,0
26-07-2025 09:00,9.4,4.9,-5.8,3.8,120279,4.3,529,2.42,-2.01,0.5,5.8,617,26-07-2025 08:00,26-07-2025 14:00,28-07-2025 10:00,-17,0
26-07-2025 10:00,10.4,3.8,-6.5,3.6,140436,4.6,553,2.74,-1.99,0.48,5.7,617,26-07-2025 08:00,26-07-2025 14:00,28-07-2025 10:00,-17,0
01-09-2025 21:00,16.2,5.7,-13.4,1.3,523163,14.3,573,10.38,-0.74,1.48,6.7,618,01-09-2025 21:01,02-09-2025 08:00,04-09-2025 01:00,-78,1
01-09-2025 22:00,22.5,7.3,-20.4,3.5,485033,13.8,619,13.39,-2.17,0.7,5.1,618,01-09-2025 21:01,02-09-2025 08:00,04-09-2025 01:00,-78,1
01-09-2025 23:00,20.4,6.2,-18.2,-1.2,366454,13.5,608,12.6,0.73,0.67,5.5,618,01-09-2025 21:01,02-09-2025 08:00,04-09-2025 01:00,-78,1
06-09-2025 14:00,14.5,-8.8,5.7,0.6,292013,7.4,590,5.52,-0.35,0.62,5.5,619,06-09-2025 14:24,06-09-2025 17:00,08-09-2025 15:00,-50,1
06-09-2025 15:00,18.4,-10.3,12.9,0,400436,8.2,635,7.47,0,0.53,4.9,619,06-09-2025 14:24,06-09-2025 17:00,08-09-2025 15:00,-50,1
06-09-2025 16:00,14.8,-7.7,8.6,-1.8,448252,8.1,649,7.57,1.17,0.89,6.2,619,06-09-2025 14:24,06-09-2025 17:00,08-09-2025 15:00,-50,1
27-09-2025 22:00,10.5,0.4,-9.9,-2.4,30836,11.7,371,3,0.89,0.7,6,620,27-09-2025 22:00,28-09-2025 20:00,30-09-2025 02:00,-86,1
27-09-2025 23:00,9.3,3.5,-7.3,2.8,73111,12.9,381,3.63,-1.07,1.25,7.4,620,27-09-2025 22:00,28-09-2025 20:00,30-09-2025 02:00,-86,1
28-09-2025 00:00,6.1,2.3,-3.3,2.2,116814,15.6,398,5.17,-0.88,4.28,12.9,620,27-09-2025 22:00,28-09-2025 20:00,30-09-2025 02:00,-86,1
07-11-2025 05:00,12.1,4.3,-5.2,3,420457,8.5,737,9.59,-2.21,1.33,8.9,621,07-11-2025 05:16,07-11-2025 09:00,08-11-2025 09:00,-58,1
07-11-2025 06:00,15.5,5.3,-8.5,3.3,565955,10.6,765,13.55,-2.52,1.27,8,621,07-11-2025 05:16,07-11-2025 09:00,08-11-2025 09:00,-58,1
07-11-2025 07:00,15,3.6,-5.5,11.6,778737,9,773,10.99,-8.97,1.51,7.7,621,07-11-2025 05:16,07-11-2025 09:00,08-11-2025 09:00,-58,1
10-11-2025 13:00,7.3,0.7,-5.4,1.6,52911,8.6,543,5.28,-0.87,1.22,10.9,622,10-11-2025 13:00,10-11-2025 18:00,12-11-2025 00:00,-16,0
10-11-2025 14:00,6.8,5.2,-1.8,-3.5,66904,7.9,549,4.56,1.92,1.39,11.3,622,10-11-2025 13:00,10-11-2025 18:00,12-11-2025 00:00,-16,0
10-11-2025 15:00,5.6,2.9,-1.8,-2.2,79470,8,561,4.79,1.23,2.21,14.2,622,10-11-2025 13:00,10-11-2025 18:00,12-11-2025 00:00,-16,0
12-11-2025 00:00,33.6,1.9,-1.6,-20.3,241931,25.4,598,20.02,12.14,0.35,4.5,623,12-11-2025 00:09,12-11-2025 03:00,13-11-2025 00:00,-217,1
12-11-2025 01:00,51.2,-15.9,31.7,-32.6,281531,28.2,729,32.34,23.77,0.18,3.8,623,12-11-2025 00:09,12-11-2025 03:00,13-11-2025 00:00,-217,1
12-11-2025 02:00,44.4,6.4,30.1,-5.9,445838,26.3,713,29.65,4.21,0.32,4.1,623,12-11-2025 00:09,12-11-2025 03:00,13-11-2025 00:00,-217,1
12-11-2025 19:00,26.2,4.2,20.4,15.1,125927,5.3,721,6.02,-10.89,0.08,3.2,624,12-11-2025 19:17,13-11-2025 03:00,15-11-2025 02:00,-143,1
12-11-2025 20:00,27.8,11.9,6.5,13.9,446575,12.4,805,18.41,-11.19,0.38,5.1,624,12-11-2025 19:17,13-11-2025 03:00,15-11-2025 02:00,-143,1
12-11-2025 21:00,21.9,14.8,0.7,15.2,283258,10.2,747,13.16,-11.35,0.36,5.4,624,12-11-2025 19:17,13-11-2025 03:00,15-11-2025 02:00,-143,1
17-11-2025 19:00,6,2.5,-4.7,-1.5,65946,3.7,503,1.68,0.75,0.83,8.1,625,17-11-2025 19:00,18-11-2025 04:00,19-11-2025 19:00,-3,0
17-11-2025 20:00,6.1,1.2,-5.6,-0.5,56720,4.9,501,2.22,0.25,1.01,9.1,625,17-11-2025 19:00,18-11-2025 04:00,19-11-2025 19:00,-3,0
17-11-2025 21:00,6.4,1.9,-1.8,5.3,63238,4.4,499,2.03,-2.64,0.86,8.2,625,17-11-2025 19:00,18-11-2025 04:00,19-11-2025 19:00,-3,0
10-12-2025 16:00,7.4,-3,6.5,-1.7,43859,9.2,379,2.49,0.64,1.2,7.8,626,10-12-2025 16:46,10-12-2025 20:00,12-12-2025 00:00,-82,1
10-12-2025 17:00,9.6,-4.2,8.5,-0.9,47813,13.7,398,4.07,0.36,1.09,7.7,626,10-12-2025 16:46,10-12-2025 20:00,12-12-2025 00:00,-82,1
10-12-2025 18:00,10.5,-3.9,9.7,-0.2,44201,12.9,403,3.92,0.08,0.84,6.9,626,10-12-2025 16:46,10-12-2025 20:00,12-12-2025 00:00,-82,1
